अर्थमन्त्रीले संरक्षण गरेका शाहको शंकास्पद ‘कनेक्सन’	काठमाडौं, बैशाख ३। अर्थमन्त्री जनार्दन शर्माद्वारा संरक्षण गर्न खोजिएका अछामको दर्ना ८ का पृथ्वीबहादुर शाहको गैरकानुनी धन्दाको रहस्य एकपछि अर्को गर्दै खुल्दै गएको छ । नेपाल राष्ट्र बैंकका गभर्नर म...	reportersnepal.com	७ घण्टा अघि	https://l.hamropatro.com/r/https://www.reportersnepal.com/2022/04/672160	popular
नौ बजे नै निदाउने शहरलाई रातभर जगमगाउने बनाइदियो जसले…	काठमाडौं : रातको ८:३० बजे। टिकट काउन्टरमा देखिए मनोज श्रेष्ठ र उनकी पत्नी गीता। ३ घन्टा लामो फिल्म हेर्न उनीहरुका साथमा छोराछोरी पनि थिए। मध्यरातमा फिल्म सकिँदा सिंगो शहर नै मस्त निन्द्रामा तर उनीह...	pahilopost.com	६ घण्टा अघि	https://l.hamropatro.com/r/https://pahilopost.com/content/20220416072127.html	popular
डाक्टरले मृत घोषणा गर्नु १८ मिनेटअघि अमृताले पठाएकी थिइन् सन्देश: दाइ, म मर्न चाहन्नँ	‘दाइ म मर्न चाहन्नँ, म यहाँ बस्न नि सक्दिनँ, प्लिज दाइ हजुरको बोझ नि हुन चाहन्नँ, प्लिज दाइ मलाई यहाँबाट निकाल्न हेल्प गर्नु, म निस्किन्छु।’ चैत्र ३० गते राति ९ बजेर ३० मिनेटदेखि ३२ मिनेटको बीचमा ...	setopati.com	३ घण्टा अघि	https://l.hamropatro.com/r/https://www.setopati.com/social/267778	popular
स्थानीय तह निर्वाचनः देशैभरि दुईपक्षीय प्रतिस्पधा	काठमाडौं । स्थानीय तह निर्वाचन मिति नजिकिँदै जाँदा देशैभरि दुईपक्षीय प्रतिस्पर्धा गर्नेगरी दलहरू अगाडि बढेका छन् । सत्तापक्षीय र विपक्षी दुईवटा गठबन्धनमा मुलुक निर्वाचनमा अघि बढेको छ । केही दल भने ...	rajdhanidaily.com	९ घण्टा अघि	https://l.hamropatro.com/r/https://rajdhanidaily.com/id/60231/	popular
चीनले उसका मित्र पाकिस्तान र श्रीलङ्काको आर्थिक उद्धारमा किन चासो देखाइरहेको छैन?	चीनले पछिल्लो समय विकासोन्मुख मुलुकलाई आफूमा निर्भर बनाउने खालको ‘ऋण कूटनीति’ अङ्गीकार गरिरहेको अमेरिकाले आरोप लगाउने गरेको छ। तर आरोप विपरीत आर्थिक सङ्कटसँग जुधिरहेका दुई मित्रराष्ट्र श्रीलङ्का र ...	ratopati.com	७ घण्टा अघि	https://l.hamropatro.com/r/https://ratopati.com/story/232803/2022/4/16/china-hesitates-on-bailing-out-sri-lanka-	popular
घरको फ्रिजमा कुकुर, बिराला र सर्प फेला परेपछि अमेरिकी पुरुष पक्राउ	अमेरिकाको एरिजोनाका प्रहरीले फ्रिजमा कुकुर, बिरालो र चरासहित १८३ जनावर फेला परेपछि एक जना पुरुषलाई पक्राउ गरेका छन्। ४३ वर्षका माइकल प्याट्रिक टुरल्यान्डले कतिपय जनावरहरू जीवितै रहेका बेला तीनलाई ...	bbc.com	३ घण्टा अघि	https://l.hamropatro.com/r/https://www.bbc.com/nepali/news-61125674?xtor=AL-73-[partner]-[hamro.patro]-[headline]-[nepali]-[bizdev]-[isapi]	popular
अमृता मृत्यु प्रकरण: प्रदर्शनकारी माथि प्रहरीको लाठीचार्ज, कयौँ घाइते	बुधवार राति रुपन्देहीको तिलोत्तमामा एक युवतीको मृत्यु भएको घटनालाई लिएर न्याय माग्दै शुक्रबार प्रदर्शनमा उत्रिएका मृतकका आफन्तमाथि प्रहरीले लाठीचार्ज गर्दा कयौँ घाइते भएका छन् । तिलोत्तमा –२ जानकी ...	ratopati.com	४ घण्टा अघि	https://l.hamropatro.com/r/https://ratopati.com/story/232823/2022/4/16/amrita-death-	popular
बढ्यो मासु र अन्डाको मूल्य	सिमकोट – बजारमा मासुु र अन्डाको मूल्य वृद्धि भएको छ। नेपालगञ्ज र सुुर्खेतदेखि हवाई मार्गबाट आउने मासु फाट्टफुट्ट आउनु र खसीको समेत अभाव भएपछि नयाँ वर्षको मुखैमा मासुको मूल्य अकासिएको हो। उपभोक्ता ...	deshsanchar.com	७ घण्टा अघि	https://l.hamropatro.com/r/https://deshsanchar.com/2022/04/15/636447/	popular
युक्रेन-रुस युद्ध: किएभलाई हतियार नदिन रुसद्वारा पश्चिमा विश्वलाई चेतावनी	रुसले औपचारिक रूपमा संयुक्त राज्य अमेरिका र अरू साझेदार देशहरूलाई युक्रेनलाई हतियार उपलब्ध नगराउन चेतावनी दिएको छ। उक्त चेतावनी मस्कोले एउटा कूटनीतिक नोटको माध्यमबाट दिएको छ जसको प्रतिलिपिलाई अमेर...	bbc.com	४ घण्टा अघि	https://l.hamropatro.com/r/https://www.bbc.com/nepali/news-61125673?xtor=AL-73-[partner]-[hamro.patro]-[headline]-[nepali]-[bizdev]-[isapi]	popular
अनुमतिबिना अतिरिक्त सो चलाउने फिल्म हललाई कारबाही सिफारिस	चलचित्र विकास बोर्डले अनुमतिबिना अतिरिक्त सो चलाउने तीनवटा फिल्म हललाई कारबाहीका लागि सिफारिस गरेको छ। बिनाअनुमति तोकिएको समयबाहेक अतिरिक्त सो चलाउन हल खोलेको जनाउँदै शुक्रबार बोर्डले तीन हललाई कार...	ratopati.com	८ घण्टा अघि	https://l.hamropatro.com/r/https://ratopati.com/story/232792/2022/4/16/movie-hall-	popular
युक्रेनलाई हतियार नपठाउन अमेरिकालाई रुसको चेतावनी	मस्को : रुसले युक्रेनलाई हतियार आपूर्ति नगर्न अमेरिका र उसका सहयोगीलाई  चेतावनी दिएको छ। मस्कोले यो चेतावनी दिएको अमेरिकी मिडिया समूहहरूले अध्ययन गरेको आधिकारिक कूटनीतिक नोटमा उल्लेख छ। वाशिंगटनमा...	annapurnapost.com	५ घण्टा अघि	https://l.hamropatro.com/r/https://annapurnapost.com/news/200913	popular
निजामती सेवामा अब्बल नेतृत्वकला देखाउँदै महिला हाकिम सा’प	कुनै बेला निजामती क्षेत्रमा महिला कर्मचारी पाउन मुस्किल पर्थ्यो । निजामतीमा पुरूषकै बाहुल्यता थियो । निजामतीको खरिदार तहमा पनि पुरूष नै हुन्थे । समावेशिता र लक्ष्यका साथ अध्ययनमा लागेपछि अहिले आएर...	lokaantar.com	४ घण्टा अघि	https://l.hamropatro.com/r/https://lokaantar.com/story/179281/2022/4/16/feature/woman	popular
युक्रेनको एन्टीएयरक्राफ्ट र एन्टीसिप मिसाइल प्लान्टमा रुसी हमला	रुसले युक्रेनको राजधानी किभबाहिर एन्टी एयरक्राफ्ट र एन्टी सिप मिसाइल बनाउने एउटा भट्टीमा  प्रहार गरेको जनाएको छ । युक्रेनी हमलामा रुसको युद्धपोत पानी जहाज  मोस्कभा विष्फोटपछि डुबेको विवरण सार्वजनिक...	ratopati.com	७ घण्टा अघि	https://l.hamropatro.com/r/https://ratopati.com/story/232801/2022/4/16/ukraine-	popular
भारतमा बढ्यो कोरोना संक्रमितको संख्या	नयाँ दिल्ली : भारतमा शनिबार विगत २४ घण्टामा ९७५ जनामा कोरोना भाइरस संक्रमण देखिएको छ । योसँगै भारतमा कोरोना संक्रमितको कुल संख्या ४ करोड ३० लाख पुगेको छ । पछिल्लो २४ घण्टामा संक्रमणबाट ४ जनाको म...	annapurnapost.com	३ घण्टा अघि	https://l.hamropatro.com/r/https://annapurnapost.com/news/200922	popular
जाजरकोटमा एमालेलाई शून्यमा झार्ने गठबन्धनको लक्ष्य !	पूर्व गृहमन्त्री एवं माओवादी केन्द्रका नेता शक्तिबहादुर बस्नेतको गृह जिल्ला जाजरकोटमा स्थानीय तहको निर्वाचनलाई लिएर दलहरु आन्तरिक लेखाजोखामा छन् । सत्ता गठबन्धन संयन्त्रले आसन्न स्थानीय तहको चुनावम...	ratopati.com	७ घण्टा अघि	https://l.hamropatro.com/r/https://ratopati.com/story/232799/2022/4/16/jajarkot-	popular
तीन बत्तीले चलेको अमेरिका 	दश वर्ष अमेरिकामा बसेर पहिलो पटक नेपाल फर्कँदा एयरपोर्टबाटै भाडाको ट्याक्सीमा घरमा जाँदा मलाई डर लाग्यो। यहाँको सडक अवस्था, सवारी चलाई र सवारी व्यवस्थापन देखेर म यति डराएँ कि फर्केको एक महिनासम्म स...	setopati.com	५ घण्टा अघि	https://l.hamropatro.com/r/https://www.setopati.com/blog/267777	popular
जसपावाट बिजयी मेयर एमाले प्रवेश गर्दै, स्वागत गर्न एमाले अध्यक्ष ओली सर्लाही पुग्दै	जनता समाजवादी पार्टी नेपाल (जसपा नेपाल)वाट बिजयी कबिलासी नगरपालिका प्रमुख कौशलकिशोर यादव अन्तत: नेकपा एमाले प्रवेश गर्ने भएका छन् । सर्लाहीमा आयोजित पार्टी प्रवेश कार्यक्रममार्फत मेयर यादवलगायत बिभ...	ratopati.com	४ घण्टा अघि	https://l.hamropatro.com/r/https://ratopati.com/story/232815/2022/4/16/oli-	popular
सोमालिया निर्वाचन: जहाँ नागरिकले मतदान नै गर्दैनन्	जनताको संसद् अर्थात् हाउस अफ दी पिपुल भनिने सोमालियाको अनौठो संसद्‌को निर्वाचनबाट चुनिएका अधिकांश नयाँ सांसदले शपथ लिइसकेका छन्। तर चार महिना लामो अवधिसम्म सञ्चालन भएको यहाँको संसदीय निर्वाचनमा ना...	bbc.com	३ घण्टा अघि	https://l.hamropatro.com/r/https://www.bbc.com/nepali/news-61121950?xtor=AL-73-[partner]-[hamro.patro]-[headline]-[nepali]-[bizdev]-[isapi]	popular
किएभलाई पुनः आक्रमाणको निशाना बनाउने रुसी चेतावनी	रुसले युक्रेनको राजधानी किएभलाई पुनः थप आक्रमणको निशाना बनाउने चेतावनी दिएको छ। रुसी भू क्षेत्रमा कुनै पनि प्रकारले युक्रेनले आक्रमण गरेमा किएभलाई निशाना बनाएर थप मिसाइल प्रहार गर्ने चेतावनी रुसले ...	deshsanchar.com	७ घण्टा अघि	https://l.hamropatro.com/r/https://deshsanchar.com/2022/04/16/636487/	popular
संखुवासभामा भत्कियो गठबन्धन, कांग्रेसले हात उठाएपछि माओवादीको आपत्ति	संखुवासभा : संखुवासभामा पाँच दलीय गठबन्धन भत्किएको छ। प्रमुख सत्तारुढ नेपाली कांग्रेस जिल्ला कार्यसमितिले एकतर्फी रुपमा गठबन्धन टुटेको सार्वजनिक घोषणा गरपछि जिल्लामा पाँच दलीय तालमेल नहुने देखिएको...	annapurnapost.com	१ घण्टा अघि	https://l.hamropatro.com/r/https://annapurnapost.com/news/200929	popular
रुसले परमाणु हमला गर्न सक्ने जेलेन्स्कीको चेतावनी	किभ : युक्रेनका राष्ट्रपति भोलोडिमिर जेलेन्स्कीले युक्रेनमा रसियाले आणविक आक्रमण गर्न सक्ने भएकोले यसका लागि विश्व तयार हुनुपर्ने बताए। अमेरिकी टिभी च्यानल सीएनएनलाई दिएको अन्तर्वार्तामा जेलेन्स्की...	annapurnapost.com	२ घण्टा अघि	https://l.hamropatro.com/r/https://annapurnapost.com/news/200925	popular
'बम निष्क्रिय पार्दा दुई छोरी सम्झेर धेरै सतर्क हुन्छु'	विसं २०५९ सालमा स्थापना भएको नेपाली सेनाको ईओडी युनिटले पछिल्लो तीन वर्षमा उपत्यकामा मात्र झन्डै ३०० वटा बम तथा शङ्कास्पद वस्तु निष्क्रिय पारेको छ। काठमाण्डूस्थित उक्त युनिटमा आठ जना महिला कार्यरत...	bbc.com	५ घण्टा अघि	https://l.hamropatro.com/r/https://www.bbc.com/nepali/news-61082720?xtor=AL-73-[partner]-[hamro.patro]-[headline]-[nepali]-[bizdev]-[isapi]	popular
रुसका रक्षामन्त्रीलाई हृदयघात	२४ फेब्रुवरीमा युक्रेनमा युद्ध सुरु गरेदेखि युक्रेनमा तैनाथ रुसी सेनाहरूले रणनीति परिवर्तन गर्न र धेरै कठिनाइहरूको साक्षी बन्न बाध्य छन् । रुसी रक्षामन्त्री सर्गेई सोइगुका युक्रेनी योजना अलमल परेका...	ratopati.com	६ घण्टा अघि	https://l.hamropatro.com/r/https://ratopati.com/story/232807/2022/4/16/heart-attacked	popular
गाँजा किन्न गएका ग्राहकलाई हरियो साग दिएपछि पुलिसमा उजुरी, किन भएन कारवाही ?	गाँजा किन्न गएका ग्राहकलाई पसलेले हरियो साग दिएर पठाएपछि प्रहरीमा उजुरी पुगेको छ । इन्डोनेसियाको घटनामा प्रहरी नै आश्चर्यचकित भएको छ । स्थानीय एक व्यक्तिले पसलमा गाँजा मागे पनि पसलेले कागजभित्र बे...	lokaantar.com	३ घण्टा अघि	https://l.hamropatro.com/r/https://lokaantar.com/story/179287/2022/4/16/international/gaja	popular
“वडामा समेत आफ्नै बुतामा लड्न नसक्ने कसरी ठूलो पार्टी हुन्छ ?”	काठमाडौं, ३ वैशाख । नेपाली कांग्रेसका सुदूरपश्चिम प्रदेश सांसद भरतबहादुर खड्काले आफैंले अक्षम भनेको सरकारमा पार्टी किन सामेल भएको भन्ने प्रश्न गरेका छन् । नेपाली रेडियो नेटवर्क (एनआरएन) को कार्यक्...	reportersnepal.com	५ घण्टा अघि	https://l.hamropatro.com/r/https://www.reportersnepal.com/2022/04/672186	popular
ठेकेदारको आत्महत्यामा जोडिएपछि यी मन्त्रीले दिनुपर्‍यो राजीनामा	ठेकेदार सन्तोष पाटिलको आत्महत्या प्रकरणमा नाम जोडिएपछि भारतको कर्नाटकका मन्त्री केएस ईश्वरप्पाले राजीनामा दिनुपरेको छ । मुख्यमन्त्री बसवराज बोम्मईलाई ईश्वरप्पाले राजीनामा बुझाएका छन् । यसैबीच ईश्व...	lokaantar.com	७ घण्टा अघि	https://l.hamropatro.com/r/https://lokaantar.com/story/179260/2022/4/16/international/suicide	popular
निर्वाचन रोकिन सक्ने प्रमुख निर्वाचन आयुक्तको आशंका	जनकपुर । प्रमुख निर्वाचन आयुक्त दिनेशचन्द्र थपलियाले आगामी ३० बैशाखका लागि तय भएको स्थानीय तहको निर्वाचन रोकिन सक्ने आशंका पुनः व्यक्त गरेका छन । जनकपुरमा आयोजित निर्वाचनसबन्धी मिडिया अभिमुखीकरण क...	rajdhanidaily.com	३६ मिनेट अघि	https://l.hamropatro.com/r/https://rajdhanidaily.com/id/60244/	popular
जुलाई १ देखि पंजाबमा घरेलु उपभोक्तालाई ३०० युनिट बिजुली निःशुल्क दिने	पञ्जाब : पञ्जाबको आम आदमी पार्टी सरकारले जुलाई १ देखि घरेलु उपभोक्तालाई ३०० युनिट निःशुल्क बिजुली दिने घोषणा गरेको छ । राज्यका मुख्यमन्त्री भगवन्त मानले शनिबार यसको आधिकारिक घोषणा गर्ने छन्।  आम आ...	annapurnapost.com	३ घण्टा अघि	https://l.hamropatro.com/r/https://annapurnapost.com/news/200924	popular
पाल्पा बस दुर्घटनामा दुई जनाको मृत्यु, ४ को अवस्था गम्भीर	फेसबुकबाट शुक्रबार अपराह्न भएको बस दुर्घटनामा घाइते भएकाहरूमध्ये एक जना बालकसहित दुई जनाको गए राती मृत्यु भएको छ । शुक्रबार साँझ रैनादेवि छहरा गाउँपालिकास्थित भित्री सडकमा भएको बस दुर्घटनामा परि र...	ratopati.com	७ घण्टा अघि	https://l.hamropatro.com/r/https://ratopati.com/story/232802/2022/4/16/palpa-accident	popular
माधव नेपालको चुनावी सन्देश- एमाले छोडेर किन विद्रोह गर्ने अवस्था आइलाग्यो तथ्य र प्रमाणहरू पस्किनुस् (भिडिओ)	नेकपा (एकीकृत समाजवादी) अध्यक्ष माधवकुमार नेपालले एमाले छोडेर किन विद्रोह गर्ने अवस्था आइलाग्यो तथ्य र प्रमाणहरू जनतासामू पस्किन पार्टीका नेता/कार्यकर्तालाई आह्वान गरेका छन्।  स्थानीय चुनावका लागि...	setopati.com	२ घण्टा अघि	https://l.hamropatro.com/r/https://www.setopati.com/politics/267782	popular
मोस्कभा डुबेपछि रुसद्वारा किभको क्षेप्यास्त्र कारखानामा हमला 	किभ । रुसले युक्रेनी राजधानी किभस्थित विमानभेदी र युद्धपोत भेदी क्षेप्यास्त्र निर्माण गर्ने कारखानामा आक्रमण गरेको दाबी गरेको छ । बुधवार विस्फोटनमा परेको आफ्नो ऐतिहासिक युद्धपोत ‘मोस्कभा’ समुद्रमा ...	baahrakhari.com	४ घण्टा अघि	https://l.hamropatro.com/r/https://baahrakhari.com/news-details/347021	popular
केन्द्रीय निर्णयको विरोधमा भरतपुर र वीरगञ्जका काँग्रेस	पाँच दलीय गठबन्धनको निर्णय अनुसार भरतपुर महानगरपालिका नेकपा माओवादी केन्द्रलाई र वीरगञ्ज महानगरपालिका जनता समाजवादी पार्टी नेपाल (जसपा नेपाल)लाई दिने सार्वजनिक भएलगत्तै स्थानीय नेताले अस्वीकार गरेक...	ratopati.com	३ घण्टा अघि	https://l.hamropatro.com/r/https://ratopati.com/story/232827/2022/4/16/congress	popular
अहिलेसम्मकै ठुलो लामपुच्छ्रे तारा पृथ्वीतर्फ आउँदै, के पर्ला असर ?	वासिङटन । चार अर्ब वर्ष भन्दा धेरै पुरानो एउटा लामपुच्छ्रे तारा पृथ्वीतर्फ आइरहेको छ । कम्तीमा ८० माइल चौडा अर्थात रोह्डे टापुभन्दा दोब्बर आकारको यो तारा अहिले २२ हजार माइल प्रतिघन्टाको गतिमा पृथ्व...	baahrakhari.com	१५ घण्टा अघि	https://l.hamropatro.com/r/https://baahrakhari.com/news-details/347010	popular
किभ वरपर ९०० सर्वसाधारणको शव फेला परेको युक्रेन प्रहरीको दाबी	युक्रेनको राजधानी सहर किभ वरपर ९०० सर्वसाधारणको शव फेला परेका छन् । रुसी सेना किभबाट फर्किएको एक सातापछि किभ क्षेत्रका प्रहरी प्रमुखले सो संख्यामा सर्वसाधारणको शव फेला परेको दाबी गरेका हुन् । युक्र...	ratopati.com	७ घण्टा अघि	https://l.hamropatro.com/r/https://ratopati.com/story/232798/2022/4/16/ukraine-	popular
आठ लाख घुस काण्डका कारण पुनः उम्मेदवार बन्ने सपना चकनाचुर	भइसकेको निर्णय रद्द आठ लाख घुस काण्डमा कारण धनुषाको बटेश्वर गाउँपालिकाका अध्यक्ष डम्बरबहादुर राउत क्षेत्रीलाई अर्को कार्यकालका लागि पनि उम्मेदवार बनाउने नेकपा एमालेको निर्णय अन्ततः रद्द गरिएको छ। ...	nepalkhabar.com	६ घण्टा अघि	https://l.hamropatro.com/r/https://nepalkhabar.com/politics/126995-2022-4-16-6-56-14	popular
विप्लवलाई सरकारको आश्वासन : 'चुनावअघि नै बन्दी रिहा र मुद्दा फिर्ता हुन्छ'	सरकारले नेत्रविक्रम चन्द‘विप्लव’ नेतृत्वको नेपाल कम्युनिस्ट पार्टीलाई स्थानीय तहको निर्वाचन अघि नै बन्दी रिहा र मुद्दा फिर्ता हुने आश्वासन दिएको छ । प्रतिबन्धको अवधिमा पक्राउ गरी बन्दी बनाएका नेता ...	ratopati.com	३ घण्टा अघि	https://l.hamropatro.com/r/https://ratopati.com/story/232826/2022/4/16/biplab-maobadi	popular
युक्रेनलाई दिने सैन्य सहायता जारी राखे अमेरिकाले अनपेक्षित परिणाम भोग्नुपर्ने रुसी चेतावनी	काठमाडौं– युक्रेनलाई हतियार हस्तान्तरण जारी राखेमा संयुक्त राज्य अमेरिकाले ‘अनपेक्षित परिणाम’ भोग्नुपर्ने चेतावनी रुसले दिएको छ। जो बाइडेन प्रशासनले युक्रेनलाई थप ८ सय मिलियन अमेरिकी डलर बराबरको स...	nepallive.com	२ घण्टा अघि	https://l.hamropatro.com/r/https://nepallive.com/story/278103	popular
कांग्रेसले बहुमतका साथ जितेका पालिका नै माओवादी केन्द्रलाई चाहिने भएपछि गठबन्धन गर्न सकिएनः दीपक खड्का	काठमाडौं, ३ वैशाख । नेपाली कांग्रेस, संखुवासभाका सभापति दीपक खड्का नेकपा (माओवादी केन्द्र) कारण गठबन्धन हुने स्थिति अन्त्य भएको बताएका छन् । नेपाली रेडियो नेटवर्क (एनआरएन) को कार्यक्रम ‘नेपाली बहस...	reportersnepal.com	४ घण्टा अघि	https://l.hamropatro.com/r/https://www.reportersnepal.com/2022/04/672202	popular
चिनियाँ राष्ट्रपति चिनफिङ र साउदी राजकुमारबीच फोनवार्ता	चिनियाँ राष्ट्रपति सी चिनफिङ र साउदी अरेबियाका राजकुमार मोहम्मद बिन सलमानबीच शुक्रबार फोनवार्ता भएको छ। वार्ताको क्रममा उनीहरुबीच ऊर्जा क्षेत्रमा उच्च स्तरीय सहकार्य बढाउने सहमति भएको छ। साउथ चाइ...	nepalkhabar.com	४ घण्टा अघि	https://l.hamropatro.com/r/https://nepalkhabar.com/global/127008-2022-4-16-9-13-15	popular
कुहिने र नकुहिने फोहर छुट्टाछुट्टै व्यवस्थापन गर्ने महानगरको निर्णय, मिसाएर ल्याउनेलाई जरीवाना गरिने 	काठमाडौं–  काठमाडौं महानगरपालिकाले आगामी दिनमा कुहिने र नकुहिने फोहरको संकलन तथा व्यवस्थापन छुट्टाछुट्टै गर्ने भएको छ। त्यसका लागि महानगरले फोहर व्यवस्थापकलाई कुहिने र नकुहिने फोहरलाई छुट्टाछुट्टै ...	nepallive.com	७ घण्टा अघि	https://l.hamropatro.com/r/https://nepallive.com/story/278088	popular
बाइसे चौबिसे कालको पुल अझै पनि प्रयोगमा, मर्मत नहुँदा जोखिममा सर्वसाधारण	196 Shares सुर्खेतl जाजरकोट भेरी नगरपालिका–११ मेटालस्थित भेरी पुलबाट खसेर बिहीबार एक महिला घाइते भइन् । भेरी नगरपालिका–२ रिसाङकी ५२ वर्षीया देवि पुन जीर्ण पुलबाट खसेर गम्भीर घाइते भएकी हुन् । चौ...	dainikonline.com	२ मिनेट अघि	https://l.hamropatro.com/r/https://www.dainikonline.com/story/201494/2022/04/16/	national
जापानको अनुभव नेपालका लागि उपयोगी हुनसक्छ : परराष्ट्रमन्त्री खड्का	सन्दर्भ तस्बिर परराष्ट्रमन्त्री डा.नारायण खड्काले जापानले समृद्धिका लागि हासिल गरेको ज्ञान, सीप र अनुभव नेपालका लागि अति उपयोगी हुने बताएका छन् । नेपाल जाईका अलमनाई एशोसिएसनले शनिबार काठमाडौंमा आय...	ratopati.com	४ मिनेट अघि	https://l.hamropatro.com/r/https://ratopati.com/story/232854/2022/4/16/narayan-khadaka	national
मन्त्री खड्का भन्छन्– जापानमा गएका नेपालीको ज्ञान, सीप र अनुभव नेपालले उपयोग गर्नुपर्छ 	काठमाडौं । परराष्ट्रमन्त्री डा. नारायण खड्काले जापानले समृद्धिका लागि हासिल गरेको ज्ञान, सीप र अनुभव नेपालका लागि उपयोगी हुने बताएका छन् । नेपाल जाइका अलमनाई एशोसिएशनले शनिबार काठमाडौंमा आयोजना गरे...	baahrakhari.com	४ मिनेट अघि	https://l.hamropatro.com/r/https://baahrakhari.com/news-details/347037	national
Woman found dead in forest in Mahottari	MAHOTTARI: A woman has been found dead in a forest at Manarasiswa Municipality-3 in Mahottari district on Friday night. According to District Police Office, Mahottari, Jishavidevi Shah’s dead body...	english.khabarhub.com	४ मिनेट अघि	https://l.hamropatro.com/r/https://english.khabarhub.com/2022/16/247335/	national
बारामा १ किलोबढी चाँदीका गहना बरामद	बारामा सशस्त्र प्रहरी बलले १ किलोभन्दा बढी चाँदीका गहना बरामद गरेको छ । स्थानीय पचरौता नगरपालिका ६, पकडियास्थित सीमा इलाकामा जाँच गर्नेक्रममा उक्त सामान फेला परेको हो । सशस्त्रको बीओपी बेनौलीको गस...	janaaastha.com	५ मिनेट अघि	https://l.hamropatro.com/r/https://www.janaaastha.com/archives/89769	national
संखुवासभामा भत्कियोे पाँच दलीय गठबन्धन, नौवहिनीमा एक्लियो राष्ट्रिय जनमोर्चा	संखुवासभामा पाँच दलीय गठबन्धन भत्किएको छ । प्रमुख सत्तारुढ नेपाली कांग्रेस जिल्ला कार्यसमितिले एकतर्फी रुपमा गठबन्धन टुटेको सार्वजनिक घोषणा गरपछि जिल्लामा पाँच दलीय तालमेल नहुने देखिएको हो ।  शुक्...	ajakoartha.com	५ मिनेट अघि	http://l.hamropatro.com/r/http://ajakoartha.com/story/70784	national
एमालेलाई हराएर काँग्रेसलाई ठूलो पार्टी बनाउन माओवादी बाध्य छैन : मन्त्री आङ्बो	माओवादी केन्द्रका केन्द्रीय सदस्य तथा प्रदेश १ का आर्थिक मामिला तथा योजनामन्त्री इन्द्र आङ्बोले स्थानीय निर्वाचनमा काँग्रेसलाई जिताएर एमालेलाई हराउन माओवादी बाध्य नभएको बताएका छन् । सङ्खुवासभा जिल्...	ratopati.com	६ मिनेट अघि	https://l.hamropatro.com/r/https://ratopati.com/story/232852/2022/4/16/indra-angbo-	national
सिन्धुली सुनकोशी गाउँपालिकामा काँग्रेसले गठबन्धन नगर्ने	आगामी बैशाख ३० मा हुने स्थानीय तहको निर्वाचनमा सिन्धुलीको सुनकोशी गाउँपालिकामा नेपाली काँग्रेस एकल रुपमा चुनावमा जाने भएको छ । शनिबार गाउँपालिकाका ७ वटै वडाका वडा सभापतिको बैठक बसी आगामी निर्वाचनमा...	ratopati.com	६ मिनेट अघि	https://l.hamropatro.com/r/https://ratopati.com/story/232851/2022/4/16/nepali-congress	national
कांग्रेस घोषणापत्रमा समाज रुपान्तरणको अपेक्षा	वैशाखको गर्मीसँगै गाउँ–सहरमा चुनावी सरगर्मी ह्वात्तै बढेको छ । संघीय संरचनाअनुरुप स्थानीय सरकारको संरचनामा गएसँगै दोस्रो चोटि चुनावी माहौलमा होमिएका छौं । सँगै पहिलो कार्यकालमा भए÷गरेका काम मूल्यां...	ekagaj.com	७ मिनेट अघि	https://l.hamropatro.com/r/https://ekagaj.com/article//article/thought/95521/	national
निर्धारित मितिमै निर्वाचन हुन्छ : प्रमुख निर्वाचन आयुक्त थपलिया	काठमाडौं । प्रमुख निर्वाचन आयुक्त दिनेशकुमार थपलियाले निर्धारित मितिमै स्वच्छ, स्वतन्त्र र निष्पक्ष निर्वाचन हुने बताउनुभएको छ । जनकपुरधाममा आज आयोजित स्थानीय तह निर्वाचन–२०७९ ‘मिडिया अभिमुखीकरण’ ...	news24nepal.tv	११ मिनेट अघि	https://l.hamropatro.com/r/https://www.news24nepal.tv/2022/04/16/870297	national
साउदीमा रहेका नेपालीलाई दूतावासले भन्यो : फेसबुकमा जथाभावी नलेख्नुस्, अपरिचित महिलासँग कुरा नगर्नू	रियाद : साउदी अरेबियास्थित नेपाली राजदूतावास रियादले साउदीमा कार्यरत नेपाली नागरिकको हकहित र सुरक्षाका लागि १५बुँदे सूचना जारी गरेको छ। दूतावासले साउदीको साइबर अपराधविरुद्धको कानुन, २००७ को कोही क...	annapurnapost.com	१५ मिनेट अघि	https://l.hamropatro.com/r/https://annapurnapost.com/news/200931	national
स्थानीय तह निर्वाचन: कुन दलले कसरी टिकट दिन्छ? उम्मेदवार छनौटका आधार के छन्?	स्थानीय तह निर्वाचनका लागि उम्मेदवारी दर्ताको समय आउनै लाग्दा प्रमुख राजनीतिक दलले विभिन्न पदमा उम्मेदवारका लागि मापदण्ड तय गरेका छन्। प्रमुख दलहरूमा अधिकांश स्थानीय तहमा एउटै पदका लागि धेरै आकाङ्...	bbc.com	१६ मिनेट अघि	https://l.hamropatro.com/r/https://www.bbc.com/nepali/news-61097918?xtor=AL-73-[partner]-[hamro.patro]-[headline]-[nepali]-[bizdev]-[isapi]	national
कैलालीमा जसपाद्वारा केन्द्रको सहमति उल्लंघन, सत्ताबाहिरका दलसँग गठबन्धन	कैलालीमा जनता समाजवादी पार्टी (जसपा) ले केन्द्रमा भएको सहमतिविपरीत सत्ता गठबन्धनमा नरहेका दलसँग चुनावी तालमेल गर्ने भएको छ।  प्रधानमन्त्रीको सरकारी निवास बालुवाटारमा गत चैत २९ गते  गठबन्धनका शीर्ष...	nepalkhabar.com	२० मिनेट अघि	https://l.hamropatro.com/r/https://nepalkhabar.com/politics/127019-2022-4-16-12-31-26	national
जनकपुर कांग्रेसका नगरसभापति भन्छन्- कांग्रेसलाई मेयर उपमेयर नदिए गठबन्धन मान्दैनौं	जनकपुरधामका नगर सभापति मनोज साहले पाँच दलीय गठबन्धनले मेयर र उपमेयर नेपाली कांग्रेसलाई छाड्नु पर्ने अडान राखेका छन् ।  मेयर र उपमेयर कांग्रेसलाई नदिए गठबन्धनबाट अलग्गिएर कांग्रेस एक्लै निर्वाचनमा ...	farakdhar.com	२१ मिनेट अघि	https://l.hamropatro.com/r/https://farakdhar.com/story/81353	national
दुई जना धामीको कुटाइबाट एक महिलाको मृत्यु	धनगढी- कञ्चनपुरमा धामीको कुटाइबाट एक महिलाको ज्यान गएको छ। ज्यान गुमाउनेमा बेदकोट नगरपालिका-७ मुसेपानीकी ४३ वर्षीया रन्जुला साउद रहेकी छन्। बिरामी भएपछि घरमा धामीझाँक्री बोलाइएको थियो।  साउदलाई ...	nepalsamaya.com	२२ मिनेट अघि	https://l.hamropatro.com/r/https://nepalsamaya.com/samaj/2022-04-16-124330	national
एउटा पार्टी असफल भए, अर्को आउँछ, राजा आउँदैन: कमल थापा	राष्ट्रिय प्रजातन्त्र पार्टी (राप्रपा) नेपालका अध्यक्ष कमल थापाले अब राजा फर्कने सम्भावना सकिएको बताएका छन्। नयाँ वर्षका अवसरमा राप्रपाका नेता तथा कार्यकर्तालाई सामाजिक सञ्जालमार्फत शुभकामना दिँदै...	himalkhabar.com	२३ मिनेट अघि	https://l.hamropatro.com/r/https://www.himalkhabar.com/news/129311	national
कैलालीमा गठबन्धन तोड्दै जसपाले लाेसपासहित अन्य दलसँग चुनावी तालमेल गर्ने	धनगढी – पाँच दलीय सत्ता गठबन्धनमा रहेको जनता समाजवादी पार्टीले कैलालीमा लोकतान्त्रिक समाजवादी पार्टी (लोसपा) र अन्य केही साना दलसँग चुनावी तालमेल गर्ने भएको छ ।	khabarhub.com	२३ मिनेट अघि	https://l.hamropatro.com/r/https://www.khabarhub.com/2022/16/374028/	national
मस्जिदमा भिडन्त, हेर्नुस तस्वीरमा	जेरुसेलमको अल-अक्सा मस्जिद परिसरमा शुक्रबार बिहान प्यालेस्टाइनी र इजरायली सुरक्षा बलहरूबीच भएको झडप हुँदा १६० जना घाइते भएका छन्। प्यालेस्टाइनी रेड क्रिसेन्टका एक अधिकारीले एएफपीलाई बताए अनुसार घा...	thahakhabar.com	२६ मिनेट अघि	https://l.hamropatro.com/r/https://thahakhabar.com/news/150091	national
काभ्रेको धुलिखेलमा जेसिजको क्षेत्र ‘ग’ सम्मलेन	काभ्रे । काभ्रेको धुलिखेलमा नेपाल जेसीजको क्षेत्र ‘ग’ का अध्यक्षहरुको सम्मेलन धुलिखेलमा काभ्रे लेडिज जेसीजको आयोजना गरिएको छ । सम्मेलनमा ३७ वटा शाखाका अध्यक्षहरुको सहभागिता रहेको छ । प्रमुख जिल्ला...	newsofnepal.com	२८ मिनेट अघि	https://l.hamropatro.com/r/https://www.newsofnepal.com/2022/04/16/490066/	national
माधव नेपालले जारी गरे स्थानीय तहको निर्वाचनबारे भिडिओ सन्देश, एमालेबाट विद्रोह गर्नुको तथ्य पेश गर्न अपिल (भिडिओसहित)	काठमाडौं, ३ बैशाख । नेकपा (एकीकृत समाजवादी) का अध्यक्ष तथा पूर्व प्रधानमन्त्री माधवकुमार नेपालले स्थानीय तहको निर्वाचनबारे भिडिओ सन्देश जारी गरेका छन् । मिडियासेट नेपाल नामक युट्युब च्यानलमार्फत अध...	reportersnepal.com	२९ मिनेट अघि	https://l.hamropatro.com/r/https://www.reportersnepal.com/2022/04/672263	national
जीवन शर्माले हिँडेको त्यो गाउँको बाटो	एउटा गज्जबको संयोग मान्नु पर्ला। २०७८ चैत २६ गते जनवादी गायक जीवन शर्माले ६२औं हुरी-बतास पार गर्दै थिए। त्यो दिन टेक्दै थिए उनी- ६३औं वसन्तको सँघारमा। वसन्तको उल्लसित दिनमा, आफूले धर्तीलाई स्पर्श ...	nepalviews.com	३३ मिनेट अघि	https://l.hamropatro.com/r/https://www.nepalviews.com/2022/04/16/57170/	national
The country will be in trouble if the election is deterred: Chief Commissioner Thapaliya	Chief Election Commissioner Dinesh Kumar Thapaliya. (File photo) JANAKPURDHAM: Chief Commissioner of the Election Commission Dinesh Kumar Thapaliya has said that the country would be in trouble if...	english.khabarhub.com	३५ मिनेट अघि	https://l.hamropatro.com/r/https://english.khabarhub.com/2022/16/247333/	national
निर्वाचन रोकिन सक्ने प्रमुख निर्वाचन आयुक्तको आशंका	जनकपुर । प्रमुख निर्वाचन आयुक्त दिनेशचन्द्र थपलियाले आगामी ३० बैशाखका लागि तय भएको स्थानीय तहको निर्वाचन रोकिन सक्ने आशंका पुनः व्यक्त गरेका छन । जनकपुरमा आयोजित निर्वाचनसबन्धी मिडिया अभिमुखीकरण क...	rajdhanidaily.com	३७ मिनेट अघि	https://l.hamropatro.com/r/https://rajdhanidaily.com/id/60244/	national
पर्खनुस् (कविता)	पर्खिनु जरुरी छ एकैछिन पर्खनुहोस् र सास फेर्नुहोस् । लेखकज्यू, तपाईंको लेखिन बाँकी रहेको पुस्तक आजै लेखिनुपर्छ भन्ने छैन आफैँलाई समय दिनुहोस् र हेर्नुहोस् तपाईंले नलेख्दा कसरी चल्दैछ दुनियाँ ...	shilapatra.com	३७ मिनेट अघि	https://l.hamropatro.com/r/https://shilapatra.com/detail/82274	national
कर्णालीका मुख्यमन्त्री जीवन शाहीको गृह जिल्लामा काँग्रेस–माओवादीको टसल, चेपुवामा समाजवादी	हिमाली जिल्लामा पार्टीभन्दा पनि व्यक्ति शक्तिशाली बन्छ भन्ने उदाहरण स्वतन्त्र उम्मेदवारहरूको वर्चश्चलाई लिन सकिन्छ । कर्णालीका मुख्यमन्त्री जीवनबहादुर शाहीको गृह जिल्ला हुम्लामा पनि दलभन्दा नेता शक...	ratopati.com	३९ मिनेट अघि	https://l.hamropatro.com/r/https://ratopati.com/story/232847/2022/4/16/humla-election-	national
माओवादीले गर्यो दोलखा मेलुङ गाउँपालिका अध्यक्षमा शंकर लामालाई सिफारिस	नेकपा माओवादी केन्द्रले दोलखा जिल्लाको मेलुङ गाउँपालिका अध्यक्षमा शंकर लामाको नाम सिफारिस गरेको छ । गत शुक्रबार पालिकाको तेस्रो पूर्ण बैठकले लामाको नाम सिफारिस गरेको हो । उपाध्यक्षको नाम भने केही द...	ratopati.com	४१ मिनेट अघि	https://l.hamropatro.com/r/https://ratopati.com/story/232846/2022/4/16/shankar-lama	national
महानगरका उम्मेदवार छान्न कांग्रेसको बैठक बस्दै	काठमाडौँ — नेपाली कांग्रेसको केन्द्रीय कार्यसम्पादन समितिको बैठक शनिबार बस्दैछ । सभापति एवम् प्रधानमन्त्री शेरबहादुर देउवाले केन्द्रीय कार्यसम्पादन समितिको बैठक बोलाएका छन् । आसन्न स्थानीय निर्वाचन...	ekantipur.com	४१ मिनेट अघि	https://l.hamropatro.com/r/https://ekantipur.com/local-elections-2022/2022/04/16/1650092903941333.html	national
राजदूतमा सिफारिस भएकाहरुविरुद्ध उजुरी आह्वान	३ वैशाख, काठमाडौं । संसदीय सुनुवाइ समितिले सरकारले राजदूतमा सिफारिस गरेका २० जनाको सुनुवाइ प्रक्रिया सुरु गरेको छ । २४ चैतमा बसेको मन्त्रिपरिषद बैठकले चीनसहित विभिन्न २० देशमा राजदूत सिफारिस गरेको...	onlinekhabar.com	४४ मिनेट अघि	https://l.hamropatro.com/r/https://www.onlinekhabar.com/2022/04/1110287	national
सिम्रिककाे हेलिकप्टरमा अध्यक्ष ओली सरर	चुनावी माहौल लागेका राजनीतिक दलका नेता तथा कार्यकर्ताहरु भ्याएसम्म हवाइजहाज, नमिले हेलिकप्टर भाडामा लिएर देश दौडाहामा कुदेका कुद्यै छन् । काँग्रेस सभापति तथा प्रधानमन्त्री र गृहमन्त्रीले सरकारी काम...	janaaastha.com	४५ मिनेट अघि	https://l.hamropatro.com/r/https://www.janaaastha.com/archives/89738	national
स्थानीय तह निर्वाचन : जसपाले दुई जिल्लामा गठबन्धन नगर्ने	स्थानीय तह निर्वाचनका लागि केन्द्रमा पाँच दलीय गठबन्धन गरेर जाने सैद्धान्तिक सहमति भए पनि उपेन्द्र यादव नेतृत्वको जनता समाजवादी पार्टीले दुई जिल्लामा गठबन्धन नगर्ने निर्णय लिएको छ । शुक्रवार बाँके...	farakdhar.com	४९ मिनेट अघि	https://l.hamropatro.com/r/https://farakdhar.com/story/81351	national
चितवन पुगेर प्रचण्डले भने–भरतपुर महानगरको नेतृत्व कसले लिने भन्नेबारे विवाद छैन्	काठमाडौं, ३ बैशाख । नेकपा (माओवादी केन्द्र) का अध्यक्ष पुष्पकमल दाहालले स्थानीय तहको निर्वाचनको तालमेलबारे सकारात्मक छलफल भैरहेकोले भोलिसम्म सबै कुरा टुँगो लाग्ने बताएका छन् । आज (शनिबार) भरतपुर प...	reportersnepal.com	५२ मिनेट अघि	https://l.hamropatro.com/r/https://www.reportersnepal.com/2022/04/672249	national
प्यूठानको नौवहिनीमा भत्कियो गठबन्धन	प्यूठान : नौवहिनी गाउँपालिका प्यूठानमा गठबन्धन भत्किएको छ। सत्तारुढ दल नेपाली कांग्रेस, नेकपा माओवादी केन्द्र र एकीकृत समाजवादीबीच चुनावी तालमेल भएपछि अर्को दल राष्ट्रिय जनमोर्चा एक्लिएको हो।  सत्...	annapurnapost.com	५३ मिनेट अघि	https://l.hamropatro.com/r/https://annapurnapost.com/news/200930	national
परिवर्तनलाई संस्थागत गर्ने गठबन्धन जिताऔँ : ऊर्जा मन्त्री भुसाल 	ललितपुर – ऊर्जा जलस्रोत तथा सिँचाइमन्त्री पम्फा भुसालले आगामी निर्वाचन परिवर्तन संस्थागत गर्ने र परिवर्तनलाई पछाडि फर्काउने शक्तिबीचको लडाइँ भएको बताएकी छन्।	khabarhub.com	५५ मिनेट अघि	https://l.hamropatro.com/r/https://www.khabarhub.com/2022/16/374013/	national
उच्च मनोबलका साथ निर्वाचमा होमिएका छौंः माधव नेपाल	नेकपा (एकीकृत समाजवादी) का अध्यक्ष माधवकुमार नेपालले आफ्नो पार्टी उच्च मनोबलका साथ स्थानीय निर्वाचनमा होमिएको बताएका छन्। स्थानीय तह निर्वाचनको सन्दर्भमा शनिबार भिडियो सन्देश सार्वजनिक गर्दै उनले ...	himalkhabar.com	५८ मिनेट अघि	https://l.hamropatro.com/r/https://www.himalkhabar.com/news/129310	national
कैलालीमा चार दलीय गठबन्धन हुने, जसपाले गर्‍यो तालमेल नगर्ने निर्णय	कैलाली - जनता समाजवादी पार्टी (जसपा)ले कैलालीका स्थानीय तहमा सत्ता गठबन्धनसँग चुनावी तालमेल नगर्ने निर्णय गरेको छ । शनिबार जसपाले पत्रकार सम्मेलन गर्दै यस्तो निर्णय गरेको जानकारी दिएको हो ।  पाँच ...	ekagaj.com	१ घण्टा अघि	https://l.hamropatro.com/r/https://ekagaj.com/article//article/politics/95514/	national
हामीले कमाइदिएको सम्पतीमा साथीहरू रमाउनु भयो : कमल थापा	बुटवल - राप्रपा नेपालका अध्यक्ष कमल थापाले नेपालमा अब राजसंस्थाको पुनर्स्थापनाको सम्भावना बन्द भएको बताएका छन् । राजतन्त्र र गणतन्त्रको अभ्यास जनताले बुझेकोले अब राजसंस्था पुनर्स्थापना नहुने उनले ब...	ekagaj.com	१ घण्टा अघि	https://l.hamropatro.com/r/https://ekagaj.com/article//article/party/95515/	national
तितो लाग्ला, अब राजा फर्कने सम्भावना सकियो : कमल थापा	काठमाडौँ — राष्ट्रिय प्रजातन्त्र पार्टी नेपाल(राप्रपा नेपाल) का अध्यक्ष कमल थापाले नेपालमा अब राजा फर्कने सम्भावना सकिएको बताएका छन् । शनिबार बिहान सामाजिक सञ्जालमा नयाँ वर्षको शुभकामना दिँदै थापाल...	ekantipur.com	१ घण्टा अघि	https://l.hamropatro.com/r/https://ekantipur.com/news/2022/04/16/165009139390321009.html	national
युथ फोर्सका केन्द्रीय सदस्यले सडक बन्द गराए	काठमाडौंको स्वयम्भू नजिकैको डल्लुमा केहीबेर अघिदेखि सडक बन्द भएको छ । डल्लुको चौतारादेखि नजिकैको डल्लु चोकसम्मको बाटोमा ह्युम पाइप राखेर बन्द गरिएको हो । उक्त सडक बनाउने जिम्मा लिएको गोर्खाली कन्स...	janaaastha.com	१ घण्टा अघि	https://l.hamropatro.com/r/https://www.janaaastha.com/archives/89760	national
'प्रतिगमनको अझै खतरा छ भन्ने विषय व्यवहारबाटै पुष्टि भइसकेको छ'	काठमाडौँ । नेकपा (माओवादी केन्द्र) की नेत्री एवं ऊर्जा जलस्रोत तथा सिँचाइमन्त्री पम्फा भुसालले गठबन्धनको निर्देशनलाई पालना गरेर अग्रगमनलाई निर्वाचित गराउनुपर्नेमा जोड दिएकी छन् । ललितपुरमा आज आयोज...	nepalipatra.com	१ घण्टा अघि	https://l.hamropatro.com/r/https://www.nepalipatra.com/news/pratigaman/92798	national
लिक बाहिर गएर लेखे नियात्रा हुँदैन 	नियात्राको क्षेत्रमा लामो समयदेखि सक्रिय साहित्यकार जय छाङ्छाका केही नियात्रा कृतिहरू प्रकाशित छन् । उनी कवि र नियात्रा सर्जक हुन् । संस्मरण पनि लेख्छन् । पछिल्लो समय उनले लेखेको नियात्रा विषयक सैद...	baahrakhari.com	३ घण्टा अघि	https://l.hamropatro.com/r/https://baahrakhari.com/news-details/347027	literature
सुदूरपश्चिमको अर्गानिक खुराक	 पुस्तक समिक्षा  डोट्याली भाषाको शब्द ‘छाइल’ को अर्थ हुन्छ ‘छाया’। साहित्यकार लोकराज भट्टको उपन्यास ‘छाइल’मा सुदूरपश्चिमको सभ्यता र संस्कृतिको छाया प्रतिविम्वित भएको छ। बुक्स हिमालयले छापेको यो उप...	setopati.com	६ घण्टा अघि	https://l.hamropatro.com/r/https://www.setopati.com/art/book/267769	literature
छोइछिटो, प्रशान्तको तीरैतीर र लघुकथामा बा	छोइछिटो (लघुकथासंग्रह : दीप मङ्ग्राती ‘निरीह’) कथा, कवितामा कलम चलाउँदै आएका दीप मङ्ग्राती ‘निरीह’को पहिलो लघुकथा कृति ‘छोइछिटो’ केही समयअघि प्रकाशनमा आएको छ । कथा, लघुकथा लेख्दै आए पनि उनले आफूल...	baahrakhari.com	७ घण्टा अघि	https://l.hamropatro.com/r/https://baahrakhari.com/news-details/347014	literature
ओम रिजालको उपन्यास ‘हटारु’ लोकार्पण	१ वैशाख, काठमाडौं । ओम रिजालको उपन्यास ‘हटारु’ लोकार्पण भएको छ । प्रमुख अतिथि प्रज्ञा प्रतिष्ठानका कुलपति गंगाप्रसाद उप्रेतीले एक कार्यक्रमबीच ‘हटारु’को लोकार्पण गरेका हुन् । उनले ‘हटारु’ कर्णालीक...	onlinekhabar.com	२ दिन अघि	https://l.hamropatro.com/r/https://www.onlinekhabar.com/2022/04/1109335	literature
ढकमक्क सिंहदरबारका बगैँचा (तस्वीरहरू)	काठमाडाैँ । वसन्त ऋतु लागेसँग फूलहरूले बाग सम्झिने गर्दछन् । वसन्तमा उझाड पाखा अनि पखेरु पनि मौसमी फूलले रंगिन्छन् । जताजतै रंगीचंगी फूल फुलेको देख्न सकिन्छ । नाम जस्तै सुन्दर हुन्छ वसन्त ऋतु । तर...	makalukhabar.com	३ दिन अघि	https://l.hamropatro.com/r/https://www.makalukhabar.com/2022/04/99977182314/	literature
किनकि म मुस्कानको पारखी हुँ...	दुःखका कथाहरू लेखेर म आँसुको कारण बन्न चाहदिनँ किनकि म मुस्कानको पारखी हुँ हुन त आजभोलि घृणाको व्यापार निकै चम्किएको छ तर पनि मैले प्रेम गर्ने निकै ठूलो जोखिम उठाएको छु तिमी फूलको ओइलाइरहेको ड...	setopati.com	४ दिन अघि	https://l.hamropatro.com/r/https://www.setopati.com/literature/267406	literature
कान्तिपुरकर्मी तामाङसहित तीन पत्रकार ललितकला पत्रकारिता पुरस्कारबाट सम्मानित	काठमाडौँ — पत्रकारिताका माध्यमबाट ललितकला क्षेत्रलाई उजागर गर्न योगदान पुर्‍याए वापत कान्तिपुरकर्मी सुशीला तामाङसहित मधुपर्क मासिकका सम्पादक जयदेव भट्टराई र राष्ट्रिय समाचार समितिका पत्रकार नारायण ...	ekantipur.com	५ दिन अघि	https://l.hamropatro.com/r/https://ekantipur.com/news/2022/04/11/1649681460673004.html	literature
श्रमिक बरालका फुटकर रचना संग्रहित पुस्तक बजारमा	काठमाडौं । साहित्यकार श्रमिक बराल अर्थात् डा. खगराज बरालको फुटकर रचनाहरुको संग्रह ‘श्रमिक बरालका फुटकर रचनाहरु’ पुस्तक सार्वजनिक भएको छ । बरालका कथा, लघुकथा र कविता समेटिएको पुस्तकलाई भुँडीपुराण प...	onlinekhabar.com	६ दिन अघि	https://l.hamropatro.com/r/https://www.onlinekhabar.com/2022/04/1107442	literature
शंकर श्रेष्ठद्वारा लिखित ‘नेपालका मल्लकालीन मुद्राहरू’ सार्वजनिक	काठमाडौं । लेखक तथा मुद्रा संकलक शंकर श्रेष्ठको पुस्तक ‘नेपालका मल्लकालीन मुद्राहरू’ पुस्तक सार्वजनिक भएको छ । अग्रवाल भवन, कमलपोखरीमा विमोचन भएको पुस्तकले मध्यकालीन समय अर्थात् लगभग नौ सय वर्षको ...	nepalpress.com	६ दिन अघि	https://l.hamropatro.com/r/https://www.nepalpress.com/2022/04/10/175330/	literature
चार स्रष्टा सम्मानित	तनहुँ – शुक्ला साहित्य सङ्गम तनहुँले विभिन्न विधामा चार स्रष्टालाई सम्मान गरेको छ । तनहुँको शुक्लागण्डकीस्थित दुलेगौडामा शनिबार आयोजित कार्यक्रममा विभिन्न विधाका चार स्रष्टालाई सम्मान गरिएको हो ।	khabarhub.com	६ दिन अघि	https://l.hamropatro.com/r/https://www.khabarhub.com/2022/10/371642/	literature
अक्षरमार्गको वार्षिकोत्सवमा ८ सर्जक सम्मानित	काभ्रे : अक्षरमार्गले ७ नेपाली र एक भारतीय सर्जकलाई सम्मान गरेको छ। अक्षरमार्ग त्रैमासिकको वार्षिक उत्सवको अवसरमा आयोजित कार्यक्रममा वाङ्मयको क्षेत्रमा उल्लेखनीय योगदान पुर्‍याउने सर्जकहरूलाई सम्मा...	ukeraa.com	७ दिन अघि	https://l.hamropatro.com/r/https://www.ukeraa.com/news/2022/04/09/17235	literature
मल्लकालीन इतिहास बताउने मुद्रा समेटिएको पुस्तक सार्वजनिक	काठमाडौँ : लेखक तथा सिक्का सङ्कलक शङ्कर श्रेष्ठको किताब नेपालका मल्लकालीन मुद्राहरु विमोचन भएको छ। अग्रवाल भवनमा विमोचन भएको पुस्तकमा मल्लकालको इतिहास बताउने मुद्राहरू सङ्कलन गरिएको छ।	ukeraa.com	७ दिन अघि	https://l.hamropatro.com/r/https://www.ukeraa.com/news/2022/04/09/17233	literature
अमर न्यौपानेका फ्यान : गाडीमा ह्वाँ–ह्वाँ रुनेदेखि पाइलट भएकोमा पछुतो मान्नेसम्म	नेपालका प्रख्यात साहित्यकार हुन् अमर न्यौपाने । उनका पुस्तकहरू ‘सेतो धरती’, ‘करोडौँ कस्तुरी’ र ‘गुलाबी उमेर’ धेरैले रुचाएका छन् । उनको लेखनशैली सबै उमेर समूहलाई मनपर्ने गरेको छ । ‘सेतो धरती’ले विसं...	merolifestyle.com	७ दिन अघि	https://l.hamropatro.com/r/https://www.merolifestyle.com/archives/39323	literature
पिपल चौतारी गजल साँझ सम्पन्न	काठमाडौँ – साउथवेस्टन साहित्य समाज, बसुन्धरा काठमाडौँले पिपल चौतारी गजल साँझ २०७८ आयोजना गरेको छ ।	khabarhub.com	७ दिन अघि	https://l.hamropatro.com/r/https://www.khabarhub.com/2022/09/371334/	literature
खगराज बरालको ‘श्रमिक बरालका फुटकर रचनाहरू’ बजारमा	काठमाण्डाै - साहित्यमा निरन्तर कलम चलाइरहने श्रमिक बराल अर्थात डा. खगराज बरालको फुटकर रचनाहरूको सङ्ग्रह ‘श्रमिक बरालका फुटकर रचनाहरू’ बजारमा आएको छ ।  भुँडीपुराण प्रकाशनले बजारमा ल्याएको यस सङ्ग्र...	Ujyaaloonline.com	७ दिन अघि	https://l.hamropatro.com/r/https://ujyaaloonline.com/story/67680/2022/4/9/shramik-baral-retail-works-of-shramik-baral	literature
सुदूरपश्चिमको अर्गानिक स्वाद बोकेको उपन्यास ‘छाइल’ प्रकाशित	डोट्याली कवि लोकराज भट्टको पहिलो उपन्यास ‘छाइल’ प्रकाशित भएको छ। सुदूरपश्चिमको जीवनशैलीमा आधारित छाइल सरल अनि कलात्मक भाषामा लेखिएको छ। यसमा बाबु र छोराको सम्बन्ध मात्र होइन, समग्र डोट्याली सभ्यताक...	setopati.com	७ दिन अघि	https://l.hamropatro.com/r/https://www.setopati.com/art/book/267086	literature
उज्ज्वल प्रसाईद्वारा अनूदित 'एक्लै एक्लै' सार्वजनिक	काठमाडौं- मञ्जुश्री थापाद्वारा लिखित अंग्रेजी भाषाको उपन्यास 'अल अफ अस इन आवर लाइभ्स' को नेपाली अनुवाद 'एक्लै एक्लै' सार्वजनिक भएको छ।  शुक्रबार काठमाडौंको झम्सिखेलमा आयोजित एक कार्यक्रमका बीच पुस...	nepallive.com	८ दिन अघि	https://l.hamropatro.com/r/https://nepallive.com/story/277498	literature
मन्जुश्री थापाको अंग्रेजी उपन्यासको अनुवाद 'एक्लै एक्लै' विमोचित	काठमाडौँ — लेखक मन्जुश्री थापा लिखित अंग्रेजी भाषाको उपन्यास 'अल अफ अस ईन आवर वोन लाईभ्स'को नेपाली अनुवाद 'एक्लै एक्लै'को विमोचन भएको छ । उज्जवल प्रसाईले अनुवाद गरेको यो उपन्यासलाई सांग्रिला बुक्सल...	ekantipur.com	८ दिन अघि	https://l.hamropatro.com/r/https://ekantipur.com/literature/2022/04/08/164942233383453552.html	literature
अनुवादमा पैसै छैन, त्यसैले मिहिनेत छैन : मञ्जुश्री थापा	काठमाडौँ — मञ्जुश्री थापाको किताब ‘अल अफ अस इन आवर वन लाइभ्स’ हालै नेपाली भाषामा अनूदित भएर पाठकमाझ पुगेको छ । अंग्रेजीमा लेखिएको आख्यानलाई ‘एक्लै–एक्लै’ नाम दिई नेपालीमा अनुवाद गरेका हुन्– उज्ज्वल...	ekantipur.com	८ दिन अघि	https://l.hamropatro.com/r/https://ekantipur.com/koseli/2022/04/08/164940294655193676.html	literature
Why is singer Raju Lama scaling Mt Everest?	KATHMANDU, April 9: Few days ago, I announced plans to scale Mt Everest on social media and a television program. It didn’t get anyone’s attention until I received a flag of Nepal from the Minister...	english.ratopati.com	८ दिन अघि	http://l.hamropatro.com/r/http://english.ratopati.com/story/24221	literature
छ स्रष्टा सम्मानित	नेपाली कलासाहित्य डटकम प्रतिष्ठानले साहित्य, पत्रकारिता, ललितकला र सङ्गीत क्षेत्रमा विशिष्ट योगदान पु¥याउने छ जना स्रष्टालाई सम्मान र पुुरस्कार प्रदान गरेको छ । प्रतिष्ठानद्वारा बिहीबार आयोजित समा...	lokaantar.com	८ दिन अघि	https://l.hamropatro.com/r/https://lokaantar.com/story/178355/2022/4/8/general-news/samman-	literature
मञ्जुश्री थापा र उज्ज्वल प्रसाईंबीच 'एक्लै-एक्लै' वार्ता (भिडिओ)	लेखक मञ्जुश्री थापाको उपन्यास 'एक्लै एक्लै' बजारमा आउँदैछ। यो उपन्यास थापाले अंग्रेजीमा लेखेको 'अल अफ अस इन आवर वोन लाइभ्स' को नेपाली अनुवाद हो। यसलाई उज्ज्वल प्रसाईंले नेपालीमा अनुवाद गरेका हुन्।...	setopati.com	९ दिन अघि	https://l.hamropatro.com/r/https://www.setopati.com/art/book/266948	literature
कविता राईको उपन्यास ‘गुरु’ सार्वजनिक	काठमाडौँ — कवि कविता राईको पहिलो उपन्यास ‘गुरु’ सार्वजनिक भएको छ । कमलादीस्थित नेपाल प्रज्ञा प्रतिष्ठानमा बुधबार राईसहित समालोचक ज्ञानु अधिकारी, साहित्यकार हरिप्रसाद सिलवाल, कवि शशी लुमुम्बु लगायतल...	ekantipur.com	१० दिन अघि	https://l.hamropatro.com/r/https://ekantipur.com/literature/2022/04/06/164926418972767609.html	literature
आदिवासी मगरको भाषा, साहित्य र संस्कृति समेटिएको पुस्तक सार्वजनिक	आदिवासी मगरको भाषा, साहित्य, संस्कार समेटिएको पुस्तक बजारमा आएको छ।  पुस्तकमा रोल्पा, रूकुम र बाग्लुङमा बसोवास गरेका मगरको संस्कृति, रहनसहन, चालचलन, खानपिन, मौलिक तथा परम्परागत भेषभुषालगायत विविध ...	setopati.com	१० दिन अघि	https://l.hamropatro.com/r/https://www.setopati.com/art/book/266838	literature
प्रेस काउन्सिलद्वारा थारु भाषाको पत्रकार आचारसंहिता लोकार्पण	दाङ– प्रेस काउन्सिल नेपालले थारु भाषाको पत्रकारिता आचारसंहिता प्रकाशित गरेको छ ।	khabarhub.com	१२ दिन अघि	https://l.hamropatro.com/r/https://www.khabarhub.com/2022/04/369400/	literature
बल्लभलाई संगीत पुरस्कार	हेटौंडा, (नेस)। हेटौंडाको मातृभूमि साहित्य समाजले संगीतकार शक्ति बल्लभलाई नित्यगोविन्द स्मृति मातृभूमि संगीत पुरस्कार प्रदान गर्ने भएको छ। संगीतकार बल्लभले आँधीबेहरी, चोखो माया, पृथ्वी, सिमाना, हत...	newsofnepal.com	१२ दिन अघि	https://l.hamropatro.com/r/https://www.newsofnepal.com/2022/04/04/486614/	literature
मेल्वर्नमा शान्तालाल मुल्मीको 'म भित्रको म' सार्वजनिक	सामाजिक तथा मानवअधिकार अभियन्ता शान्तालाल मुल्मीको 'म भित्रको म' नामक आत्मवृत्तान्त अष्ट्रेलियाको मेल्वर्नमा विमोचन गरिएको छ । मेल्वर्नस्थित क्रेगीवनमा मुल्मीको पुस्तक एक समारोहका बीच विमोचन गरिएको...	shilapatra.com	१३ दिन अघि	https://l.hamropatro.com/r/https://shilapatra.com/detail/81243	literature
आदर्श समाजको खोजी ‘मालामा नउनिएका फूलहरू’	मालामा नउनिएका फूलहरू आत्मपरक निबन्धको सङ्ग्रह हो । डा. खगराज बरालद्वारा लिखित यस कृतिमा लेखकले समाजमा देखेभोगेका विषयवस्तुलाई कलात्मक ढङ्गले आफ्ना विचार प्रस्तुत गरेका छन् । २० वटा निबन्धमा लेखकले...	ratopati.com	१४ दिन अघि	https://l.hamropatro.com/r/https://ratopati.com/story/230086/2022/4/2/book-review-	literature
आर. मानन्धरको ‘कवितामा आकाश’ कविता संग्रह प्रकाशित	साहित्यकार आर. मानन्धरले रचना गरेको ‘कवितामा आकाश’ कविता संग्रह प्रकाशित भएको छ । साहित्यिक कृतिहरू प्रकाशन गर्दै आएको मञ्जरी प्रकाशन गृहले सो पुस्तक बजारमा ल्याएको हो । तीन खण्ड बनाएर प्रकाशित भए...	karobardaily.com	१५ दिन अघि	https://l.hamropatro.com/r/https://www.karobardaily.com/news/180397	literature
आर. मानन्धरको कवितासंग्रह ‘कवितामा आकाश’	काठमाडौं : साहित्यकार आर. मानन्धरको कविता सङ्ग्रह ‘कवितामा आकाश’ प्रकाशित भएको छ। साहित्यिक कृतिहरु प्रकाशन गर्दै आएको मञ्जरी प्रकाशन गृहले संग्रह बजारमा ल्याएको हो। कृतिमा - कविता, चिन्तन र दर्शन...	pahilopost.com	१६ दिन अघि	https://l.hamropatro.com/r/https://pahilopost.com/content/20220331202419.html	literature
‘परदेशको पसिना’ सार्वजनिक	काठमाडौँ — वैदेशिक रोजगारी र रेमिट्यान्सका अर्थ-सामाजिक आयामलाई समेटेर लेखिएको पुस्तक ‘परदेशको पसिना’ सार्वजनिक भएको छ ।  किताब पब्लिसर्सले बजारमा ल्याएको यो पुस्तकको सम्पादन भने लेखक तथा पत्रकार ...	ekantipur.com	१६ दिन अघि	https://l.hamropatro.com/r/https://ekantipur.com/literature/2022/03/31/164871667322456824.html	literature
आर. मानन्धरको ‘कवितामा आकाश’ प्रकाशित	साहित्यकार आर. मानन्धरको ‘कवितामा आकाश’ कविता संग्र्रह प्रकाशित भएको छ । पुस्तकमा कविता, चिन्तन र दर्शन गरी तीन खण्ड छ । कविता खण्डमा आकाशको विषयमा मात्र केन्द्रित भएका उनान्चास कविता छन् । दोस्रो ...	ratopati.com	१६ दिन अघि	https://l.hamropatro.com/r/https://ratopati.com/story/229699/2022/3/31/poem-	literature
‘किताब पढ्ने भालु’ चित्रकथा प्रकाशित	एन्दु काट्ज र जुलिआना लिभेए टुडेलको लेखन रहेको ‘किताब पढ्ने भालु’ चित्रकथा नेपाली भाषामा प्रकाशित भएको छ । लेखक एन्दु पन्ध्र वर्षदेखि लगातार पढाउँदै, कथा भन्दै र कथा लेख्दै आएका छन् । चित्र पुस्तकल...	ratopati.com	१६ दिन अघि	https://l.hamropatro.com/r/https://ratopati.com/story/229665/2022/3/31/book-	literature
Ukraine calls for Nepal to ban Russian climbers from Himalayas	"MARCH 30: A diplomatic note from the Ukrainian embassy in Delhi to Nepal's government says numerous international sports federations have barred Russian athletes. ""Taking into consideration the ab..."	english.ratopati.com	१७ दिन अघि	http://l.hamropatro.com/r/http://english.ratopati.com/story/24140	literature
डायरीकाे नयाँ पाना (भाग- १)	गुमाएको त एउटा डायरी मात्र न हो बसन्तले तर ठेगाना हराएको मानिसझैं भौंतारिँदै थियो। जीवनमा हिस्सा बन्न आएका कतिपय कुराहरू बिस्तारै हराएझैं लागिरहन्थ्यो उसलाई। एकदिनको कुरा हो भौंतारिँदै एउटा पुस्तक...	setopati.com	४२ मिनेट अघि	https://l.hamropatro.com/r/https://www.setopati.com/literature/267785	health
डरको अघि जित ! 	काठमाडौँ — ३ वर्षअघि भोटेकोसीमा 'बन्जी जम्प' गर्दै थाहा पाइसकेको थिएँ, कुश्मामा नयाँ बन्जी गर्ने ठाउँ बन्दैछ । त्यो पनि विश्वकै दोस्रो अग्लो बन्जी जम्प । त्यतिबेलै सोचेको थिएँ,'अर्को पटक कुश्माको उ...	ekantipur.com	२ घण्टा अघि	https://l.hamropatro.com/r/https://ekantipur.com/destination/2022/04/16/165008497981513064.html	health
मायालुको यादमा महाराज थानमा फूलघोडा समर्पण	विराटनगर ।  ठूलो तलाउकाे चारैतिर घोडैघोडा देखिन्छन् । तिनको संख्या गनि साध्य छैन ।  गुलाबी रंगले रंग्याइएका घोडा सुन्दर देखिन्छन् ।  तलाउको पानी नजिकै  एकलहरले राखिएका घोडालाई मानिस ढोग्दै अघि बढिर...	baahrakhari.com	३ घण्टा अघि	https://l.hamropatro.com/r/https://baahrakhari.com/news-details/347028	health
भुटानको ‘राष्ट्रिय खुशीयाली’ अवधारणबाट नेपालले के सिक्ने ?	छिमेकी मुलुक भुटान नेपालसँग भौगोलिक हिसाबले सबैभन्दा धेरै समानता रहेको मुलुक हो। बौद्ध अधिराज्य भुटान नेपालजस्तै हिमाली, पहाडी र समतल भूभाग मिलेर बनेको छ। तिब्बती संस्कृतिबाट अत्यधिक प्रभावित रहेको...	khabarhub.com	३ घण्टा अघि	https://l.hamropatro.com/r/https://www.khabarhub.com/2022/16/373973/	health
24-hour free maternity service at RAHS	Rapti Academy of Health Sciences (File photo) DEUKHURI: Rapti Academy of Health Sciences (RAHS), Dang, has been running 24-hour free maternity service from Friday. Saying Safe Motherhood Programm...	english.khabarhub.com	३ घण्टा अघि	https://l.hamropatro.com/r/https://english.khabarhub.com/2022/16/247312/	health
के गराउँछ फेरि	नयाँ साल भनि कराउँछ फेरि मुटु भित्र घाउ चहराउँछ फेरि।। कामना बाँडेर मुखले फकायो पल्टाउने हुनकी डराउँछ फेरि।। पखपख भन्दै कपकप निल्ने ककस्का हिस्सा हराउँछ फेरि।। पोहोर चपाएका पचाएर छाडे नयाँ व...	deshsanchar.com	४ घण्टा अघि	https://l.hamropatro.com/r/https://deshsanchar.com/2022/04/16/636504/	health
सुत्ने कोठामा यस्ता सामाग्रीहरु छन् भने तपाईको जीवनमा संकट आउँन सक्छ	एजेन्सी । दाम्पत्य जीवनलाई सुखमय बनाउनको लागी धेरै कुरामा ध्यन दिनुपर्छ । जस मध्ये सुत्ने कोठा महत्वपूर्ण मानिन्छ । सुत्ने कोठमा यी ६ गल्तीहरु भुलेर पनि कहिल्यै नगर्नुहोस् । यी गल्तीले त्यस कोठामा ...	nepalipatra.com	५ घण्टा अघि	https://l.hamropatro.com/r/https://www.nepalipatra.com/news/vastu-/92788	health
सत्यमोहन जोशी अस्पताल भर्ना : स्वास्थ्य स्थिति सामान्य	काठमाण्डाै - संस्कृतिविद् सत्यमोहन जोशी अस्पताल भर्ना हुनुभएको छ । मुत्र प्रणालीमा सङ्क्रमण र मुटुको चालमा गडबडी देखिएकोले उहाँलाई किस्ट मेडिकल अस्पताल ललितपुरमा भर्ना गरिएको हो । यसअघि पनि स्वास्...	Ujyaaloonline.com	५ घण्टा अघि	https://l.hamropatro.com/r/https://ujyaaloonline.com/story/67979/2022/4/16/satya-mohan-joshi-hospitalization-health-condition	health
यसरी बन्छ पर्फ्युम, ह्वेलको बान्तादेखि भेडाको रौंसम्म प्रयोग !	काठमाडौं — पर्फ्युम बनाउनका लागि फूल वा सुगन्धित बोटबिरुवाहरूको मात्र प्रयोग हुन्छ भन्ने ठान्नुहुन्छ भने तपाईं गलत हुनुहुन्छ । तपाईंलाई छक्क लाग्ला तर आकर्षक पर्फ्युमका लागि अचम्मका कुराहरू प्रयोग ...	lokaantar.com	५ घण्टा अघि	https://l.hamropatro.com/r/https://lokaantar.com/story/40268/2022/4/16/lifestyle/health-tips-	health
पारखीको प्रिय परिकार : बर्दियाको डामेको बँदेल	बर्दियाको बँदेल सबैको प्रिय परिकार मानिन्छ । बर्दियाको जंगलमा पाइने बँदेलको स्वाद नै फरक हुने हुँदा धेरैको रोजाइमा पर्छ । राणा तथा राजकिया भोजनमा बँदेल नहुँदा अधुरो मानिने हुँदा अनिवार्य रूपमा समा...	lokaantar.com	५ घण्टा अघि	https://l.hamropatro.com/r/https://lokaantar.com/story/179275/2022/4/16/blog/rb	health
तीन साथीले थालेको स्किल सेवा, मासिक गर्दै छ ४० लाखको कारोबार	सँगसँगै इन्जिनियरिङ पढेका रमेश तिमिल्सिना र रामशरण विक्रम थापालाई पढाइपछि जागिर खाने रुचि नै थिएन।  यी सहपाठीद्वयलाई बरु आफैँ केही गर्नुपर्छ भन्ने लागिरहेको थियो। त्यो ‘केही गर्न’लाई लगानी गर्नैपर...	nepalkhabar.com	६ घण्टा अघि	https://l.hamropatro.com/r/https://nepalkhabar.com/economy/construction/126973-2022-4-16-7-19-13	health
बारम्बार गर्भपतन किन हुन्छ? कसरी गर्ने उपचार (भिडिओ)	गर्भपतन भनेको २० हप्ता नपुग्दै या ५ सय ग्रामभन्दा कम तौल रहेको भ्रूण नाश हुनु हो। वंशाणुगत समस्या, पाठेघरको समस्या, वातावरणीय समस्या लगायतका कारण गर्भपतन हुनसक्छ। दुई पटकभन्दा बढी गर्भपतन भयो भने...	setopati.com	८ घण्टा अघि	https://l.hamropatro.com/r/https://www.setopati.com/social/267770	health
बच्चालाई सानैदेखि सिकाउनुहोस् यस्ता स्वस्थ बानी	काठमाडौं । बच्चाहरूलाई सिकाउने सबैभन्दा राम्रो तरिका भनेको तिनीहरूलाई सुरुदेखि नै सिकाउनु हो, त्यसैले केही बानीहरु आमाबाबुले उनीहरुलाई सुरुदेखि नै सिकाउनु पर्छ, जुन बच्चाको स्वस्थ बानी बन्न पुग्छन्...	nepalwatch.com	१४ घण्टा अघि	https://l.hamropatro.com/r/https://www.nepalwatch.com/2022/04/15/17962	health
रातमा निन्द्रा नलाग्ने समस्या छ ? अपनाउनुहोस् यी ८ उपाय	सुत्ने बानीबेहोरामा केही सुधार गरे मानिसहरूले आफ्नो ‘शरीरको घडी’ मा परिवर्तन गर्न सक्ने र स्वास्थ्यमा सुधार गर्न सक्ने वैज्ञानिकहरूले बताएका छन्। यूके र अस्ट्रेलियाका अनुसन्धानकर्ताहरूले राति नसुत...	sutranews.com	१५ घण्टा अघि	https://l.hamropatro.com/r/https://www.sutranews.com/119433/2022/04/15/	health
पानीसँग यी कुराहरू मिसाएर पिउने गर्नुस्, पेट दुखेको ठीक हुन्छ	व्यस्त जीवनशैली, गलत खानपिन र तनावका कारण पेट खराब हुन थाल्छ । यसको खराब असर हाम्रो पाचनप्रणालीमा पर्छ । यो समस्याबाट मुक्तिका लागि घरेलु उपाय नै भेटिन्छन् । दिनदिनै यी उपाय अपनाएर पाचनप्रणालीलाई ...	lokaantar.com	१५ घण्टा अघि	https://l.hamropatro.com/r/https://lokaantar.com/story/127306/2022/4/15/health/pet-	health
सत्यमोहन जोशी अस्पताल भर्ना	संस्कृतिविद् सत्यमोहन जोशी अस्पताल भर्ना भएका छन् । मुत्र प्रणालीमा संक्रमण र मुटुको चालमा गडबडी देखिएकोले उनलाई बिहीबार किस्ट मेडिकल अस्पतालमा भर्ना गरिएको हो । यसअघि पनि स्वास्थ्यमा समस्या देखा ...	nayapatrikadaily.com	१६ घण्टा अघि	https://l.hamropatro.com/r/https://nayapatrikadaily.com/feed-detail.php?nid=84511	health
बट्टामा खाँदिएको अचार खाने गर्नुभएको छ ? स्वास्थ्यमा हानि पुर्‍याउन सक्छ	नेपालीलाई दाल, भात र तरकारीसँग अलिकति अचार पनि चाहिन्छ नै । अचार स्वादिष्ट हुनाले खाना रुचाउन यसले मद्दत गर्छ । बट्टामा खाँदिएको अचार बजारमा सजिलै पाइन्छ ।  तर नियमित रूपमा अचार खाँदा यसले स्वास्थ...	lokaantar.com	१६ घण्टा अघि	https://l.hamropatro.com/r/https://lokaantar.com/story/119720/2022/4/15/lifestyle/pickle-	health
योगाभ्यास र अकुप्रेसरको संयोजनबाट प्रभावकारी स्वास्थ्योपचार	काठमाडौं- योगाभ्यास र अकुप्रेसरको संयोजनबाट प्रभावकारी स्वास्थ्योपचार गर्ने उद्देश्यले राजधानीमा एक दिवसीय ‘योगाभ्यासमा अकुप्रेसर’ विशेष तालिम आयोजना गरिएको छ । योग–ध्यान आरोग्य सञ्जाल नेपाल र ओम स...	nepaltvonline.com	१७ घण्टा अघि	https://l.hamropatro.com/r/https://nepaltvonline.com/2022/04/44652/	health
तनाव कम गर्न अपनाउनुस् यी ६ उपाय	काठमाडौं - शारीरिक श्रमको कमी, तनाव, बदलिएको व्यस्त जिन्दगीका कारण मानिसहरुमा टाउको दुखाइको समस्या पछिल्ला दिनहरुमा बढिरहेको चिकित्सकहरुले बताएका छन् ।  जसले गर्दा तपाईंको काम प्रभावित हुन सक्छ भ...	lokaantar.com	१७ घण्टा अघि	https://l.hamropatro.com/r/https://lokaantar.com/story/38788/2022/4/15/lifestyle/health-tips-	health
नागढुङ्गा-नौबिसे सुरूङमार्गको काम पाँच दिनदेखि ठप्प	स्थानीय बासिन्दाको अवरोधका कारण निर्माणाधिन नागढुंगा-नौबिसे सुरूङमार्गको काम पाँच दिनदेखि रोकिएको छ। सुरूङमार्गको निर्माणले पानीको मुहान सुकेको भन्दै स्थानीय बासिन्दाले आन्दोलन गरेका हुन्। उनीहरूक...	himalkhabar.com	१८ घण्टा अघि	https://l.hamropatro.com/r/https://www.himalkhabar.com/news/129302	health
14 new infected in past 24 hours	KATHMANDU: APRIL. 15 – COVID-19 infection has been confirmed in 14 more people in Nepal on Friday. COVID-19 has been confirmed in 14 of the 3,030 PCR tests conducted across the country. According ...	english.makalukhabar.com	१९ घण्टा अघि	https://l.hamropatro.com/r/https://english.makalukhabar.com/2022/04/54796/	health
Italica Formula 150 Price Revised in Nepal: Cost Rs. 15,000 More Than Before!	Italica Formula 150 is now available in Nepal. Classic Wheels, the authorized distributor of Italica Moto scooters in Nepal, offers only one performance-inspired scooter in Nepal. Italica Formula...	techlekh.com	१९ घण्टा अघि	https://l.hamropatro.com/r/https://techlekh.com/italica-formula-150-price-nepal/	health
आज कति थपिए काेभिड संक्रमित ?	काठमाडौं – नेपालमा पछिल्लो २४ घण्टामा १४ जनामा काेभिड–१९ संक्रमण पुष्टि भएको छ ।   कुल ३ हजार ९ सय ३ नमुना परीक्षण गर्दा थप १४ जनामा संक्रमण पुष्टि भएको स्वास्थ्य तथा जनसंख्या मन्त्रालयले जनाएको छ...	ekagaj.com	२० घण्टा अघि	https://l.hamropatro.com/r/https://ekagaj.com/article//article/health/95437/	health
विसं २०७८ : खोप उपलब्धतामा उत्साहजनक प्रगति	काठमाडौँ / खोप र भौतिक पूर्वाधारका दृष्टिकोणले २०७८ साल उत्साहजनक रह्यो । कोरोना भाइरस सङ्क्रमण रोकथाम तथा न्यूनीकरणका लागि खोप उपलब्धतामा नेपालले उत्साहजनक प्रगति हासिल गरेको हो ।  कोरोना भाइरस स...	arthadabali.com	२० घण्टा अघि	https://l.hamropatro.com/r/https://arthadabali.com/2022/04/15/24018	health
देशभरि कोरोनाका सक्रिय संक्रमित जम्मा ४ सय ३८ जना मात्र	काठमाडौं : पछिल्लो २४ घन्टामा देशभरि १४ जना कोरोना संक्रमित भेटिएका छन्। स्वास्थ्य तथा जनसंख्या मन्त्रालयको विवरणअनुसार ३ हजार ९ सय ३ जनामा गरिएको परीक्षणमा १४ जना संक्रमित भेटिएका हुन्। आज ५५ जना...	thahakhabar.com	२० घण्टा अघि	https://l.hamropatro.com/r/https://thahakhabar.com/news/150041	health
५५ जना कोरोनामुक्त हुँदा १४ संक्रमित थपिए	काठमाडौं : नेपालमा शुक्रबार थप १४ जनामा कोरोना संक्रमण पुष्टि भएको छ।  ३९०३ नमूना परीक्षण गर्दा थप १४ जनामा संक्रमण देखिएको स्वास्थ्य तथा जनसंख्या मन्त्रालयले जनाएको छ। पीसीआर विधिबाट परीक्षण भएका ...	annapurnapost.com	२० घण्टा अघि	https://l.hamropatro.com/r/https://annapurnapost.com/news/200877	health
थप १४ जनामा काेराेना सङ्क्रमण, ५५ जना निकाे	काठमाण्डाै – पछिल्लो २४ घण्टामा नेपालमा १४ जनामा कोरोना भाइरसको सङ्क्रमण पुष्टि भएको छ । पीसीआर र एन्टिजेन गरी तीन हजार नौ सय तीन जनाको नमुना परीक्षण गर्दा १४ जनामा सङ्क्रमण पुष्टि भएको स्वास्थ्य त...	Ujyaaloonline.com	२० घण्टा अघि	https://l.hamropatro.com/r/https://ujyaaloonline.com/story/67956/2022/4/15/Other-14-covid-cases-and-55-recovered	health
स्ट्रोक शल्यक्रियाका लागि एमआईटीका इन्जिनियरद्वारा रोबोट निर्माण	अकस्मात स्ट्रोक शल्यक्रियाका लागि एमआईटीका इन्जिनियरहरुले रोबोट निर्माण गरेका छन् । रोबोटले शल्यक्रिया गर्न लागेको कुरा खासै नौलो भने होइन तर स्ट्रोक विरामीलाई केन्द्रित गरी शल्यक्रियाका लागि निर्म...	ictsamachar.com	२१ घण्टा अघि	https://l.hamropatro.com/r/https://ictsamachar.com/news-details/10895/2022-04-15	health
यसरी लगाउनुहोस लिपिस्टिक	हरेक महिलाले लिपिस्टिक लगाउन रुचाउँछन् । महिलाको सुन्दरता लिपिस्टिकमा विशेष फरकपना देख्न पाइन्छ । तर धेरैलाई लगाउने तरिका थाहा नहुन सक्छ । लिपिस्टिकलाई बोल्ड लुक्स दिन लिपिस्टिक लगाएपछि ओठको चारैतर...	merolifestyle.com	२१ घण्टा अघि	https://l.hamropatro.com/r/https://www.merolifestyle.com/archives/40543	health
कोभिड नेपाल: लामो समयपछि सक्रिय सङ्क्रमित ५०० भन्दा कम, यस अवस्थालाई कसरी बुझ्ने?	नेपालमा शुक्रवार कोभिड-१९ को सक्रिय सङ्क्रमित सङ्ख्या ४३८ जना छ। कोभिड महामारीको एक वर्षअघिको दोस्रो लहरयता बिहीवार पहिलो पटक सक्रिय सङ्क्रमितको सङ्ख्या ५०० भन्दा कम पुगेको हो। यो अवस्थालाई स्वास...	bbc.com	२२ घण्टा अघि	https://l.hamropatro.com/r/https://www.bbc.com/nepali/news-61118522?xtor=AL-73-[partner]-[hamro.patro]-[headline]-[nepali]-[bizdev]-[isapi]	health
थप १४ जनामा कोरोना संक्रण, ५५ जना निको	२ वैशाख, काठमाडौं । पछिल्लो २४ घण्टामा थप १४ जनामा कोरोना भाइरस संक्रमण पुष्टि भएको छ कसैको मृत्‍यु भएको छैन । स्वास्थ्य तथा जनसंख्या मन्त्रालयका अनुसार ३ हजार ३० जनाको पीसीआर परीक्षणमा १४ जना र ८...	onlinekhabar.com	२२ घण्टा अघि	https://l.hamropatro.com/r/https://www.onlinekhabar.com/2022/04/1109942	health
WHO chief Tedros Adhanom Ghebreyesus visiting Nepal next week	Kathmandu, April 15 The World Health Organization (WHO) chief Dr Tedros Adhanom Ghebreyesus is coming to Nepal next week on a three-day official visit. The Ministry of Health and Population has i...	english.onlinekhabar.com	२३ घण्टा अघि	https://l.hamropatro.com/r/https://english.onlinekhabar.com/who-tedros-adhanom-ghebreyesus-nepal.html	health
इजरायलले विकास गर्‍यो इन्टी मिसाइल लेजर सिस्टम, मिसाइल नष्ट गर्न ३.५ डलरको खर्च 	काठमाडौं । इजरायल विश्वमै पहिलो पटक एन्टी मिसाइल लेजर सिस्टम विकास गर्न सफल भएको छ । इजरायलले विकास गरेको यो सिस्टम लेजर लाइटबाट सञ्चालित हुन्छ । गाँजापट्टीबाट इजरायलमाथि हुने आक्रमणलाई निस्तेज पार...	techpana.com	१३ मिनेट अघि	https://l.hamropatro.com/r/https://www.techpana.com/2022/124266/	technology
युट्युवका कुन भिडिओमा कति डिसलाइक आयो ? यस्तो छ हेर्ने तरिका	काठमाडौं । युट्युव विश्व चर्चित भिडिओ शेयरिङ प्लेटफर्म हो । यसलाई गुगलपछिको दोस्रो ठूलो सर्च इन्जिन पनि भन्न मिल्छ । किनभने अहिले धेरै मानिस आफूलाई आवश्यक परेका सीप, ज्ञान, तालिम युट्युवबाट लिने गर...	techpana.com	२ घण्टा अघि	https://l.hamropatro.com/r/https://www.techpana.com/2022/124263/	technology
How yoga can help heal trauma	KATHMANDU: APRIL. 16 – When we hear the word “trauma,” we often think of the worst moments of our lives. The ones that haunt us and make it harder to navigate through life. But sometimes, minor in...	english.makalukhabar.com	२ घण्टा अघि	https://l.hamropatro.com/r/https://english.makalukhabar.com/2022/04/54834/	technology
सेलपेबाट रिचार्ज गर्दा ६ प्रतिशत क्यासब्याक पाइने	काठमाडौं। डिजिटल वालेट सेलले आफ्ना ग्राहकका लागि क्यासब्याक अफर ल्याएको छ । आजदेखि लागू हुनेगरी सेलपेका प्रयोगकर्ताहरूले प्रत्येक टपअपमा ६ प्रतिशत सम्म क्यासब्याक प्राप्त गर्न सक्नेछन् । सेलपेमा ...	techpana.com	३ घण्टा अघि	https://l.hamropatro.com/r/https://www.techpana.com/2022/124260/	technology
Being an intrapreneur in Nepal: 8 qualities to determine the intrapreneur in you	The term ‘intrapreneurship’ may be a new term to a lot of people in Nepal, but it is in fact a popular and old term. Though the term was coined by management consultant Gifford Pinchot in the 1980...	english.onlinekhabar.com	४ घण्टा अघि	https://l.hamropatro.com/r/https://english.onlinekhabar.com/being-intrapreneur-in-nepal.html	technology
Elon Musk deals Twitter a wild card as shareholders seek reforms	Twitter faces five shareholder proposals, all opposed by management, dealing with topics drawing much investor attention. Elon Musk, Twitter’s newest big shareholder, could alter the course of the...	kathmandupost.com	४ घण्टा अघि	https://l.hamropatro.com/r/https://kathmandupost.com/world/2022/04/16/elon-musk-deals-twitter-a-wild-card-as-shareholders-seek-reforms	technology
अब उपत्यका बाहिर पनि सीजीनेटको इन्टरनेट, एकसाथ ४ स्थानबाट सुरु	काठामाडौं । सस्तो मूल्यमा हाई स्पिड इन्टरनेट स्पिडसँगै नेपालको इन्टरनेट बजार आक्रामक रुपमा सुरु भएको सीजीनेटको इन्टरनेट सेवा अब उपत्यका बाहिर समेत उपलब्ध हुन थालेको छ । कम्पनीले हेटौँडा, नवलपुर, बु...	techpana.com	४ घण्टा अघि	https://l.hamropatro.com/r/https://www.techpana.com/2022/124252/	technology
ह्वाट्सएपमा अब इमोजी रियाक्सन पठाउन मिल्ने, अरू के के आउँदैछन् फिचर	काठमाडौं । ह्वाट्सएपले आफ्नो एपमा विभिन्न फिचर ल्याउने घोषणा गरेको छ । सामाजिक सञ्जालको भविष्य ‘मेटाभर्स’ को विकास गरिरहेको मेटाले त्यस अन्तर्गतको ह्वाट्सएपमा इमोजी रियाक्सन, ठूला साइजका फाइल शेयर ...	techpana.com	४ घण्टा अघि	https://l.hamropatro.com/r/https://www.techpana.com/2022/124246/	technology
रोबटबाटै मस्तिष्क पक्षघातको शल्यक्रिया	काठमाडौं । अमेरिकास्थित मासाचुसेट्स इन्स्टिच्युट अफ टेक्नोलोजी (एमआईटी) का इन्जिनियरहरूले न्युरोसर्जनहरूका लागि टेलिरोबोटिक सिस्टम तयार गरेका छन् । एमआईटीका इन्जिनियरहरूले एक रोबोटिक हात तयार पारे...	techpana.com	६ घण्टा अघि	https://l.hamropatro.com/r/https://www.techpana.com/2022/124243/	technology
नयाँ वर्षमा नेपाली मिडियामा भएका चार परिवर्तन : लेआउटदेखि सम्पादक फेरिनेसम्म	विक्रम संवतको २०७८ सकिएर २०७९ लागेर वर्ष परिवर्तन भए सँगै नेपाली मिडियामा केही परिवर्तनका घोषणाहरु भएको देख्न पाइयो। सरकारी स्वामित्वको गोरखापत्रदेखि निजी अनलाइन मिडियाहरुसम्ममा परिवर्तन हेर्न पाइय...	mysansar.com	१५ घण्टा अघि	https://l.hamropatro.com/r/https://mysansar.com/2022/04/49404/	technology
विद्युतीय गाडीमा नयाँ रेकर्ड, मर्सिडिजले ल्यायो सिङ्गल चार्जमा १००० किलोमिटर गुड्ने कार	काठमाडौं । मर्सिडिज बेन्जले एक पटकको फुल चार्जमा १००० किलोमिटर सम्म गुड्नसक्ने विद्युतीय गाडी ल्याएको छ । एलन मस्कको टेस्लाको रेकर्डलाई चुनौती दिँदै मर्सिडिज बेन्जले आफ्नो नयाँ विद्युतीय गाडी ‘भिजन...	techpana.com	१८ घण्टा अघि	https://l.hamropatro.com/r/https://www.techpana.com/2022/124234/	technology
यस्ता छन् मोबाइलमै प्रोग्रामिङ ल्याङ्ग्वेज सिक्न सकिने उपयोगी ११ एप 	काठमाडौं । यो सूचना प्रविधिको समयमा प्रोग्रामिङ निकै आकर्षक विषय बन्दै गएको छ । यसमा धेरैले चासो दिन थालेका छन् । जहाँ राम्रो करियर हुन्छ, नयाँ पिँढी त्यसतर्फ आकर्षित हुनु स्वभाविक पनि हो । त्यसो ...	techpana.com	१९ घण्टा अघि	https://l.hamropatro.com/r/https://www.techpana.com/2022/124231/	technology
Machhapuchhre Bank enables NEPALPAY QR in MBL M-Smart App	Machhapuchhre Bank Limited (MBL) has successfully integrated NEPALPAY QR in its mobile banking app, MBL M-Smart, such that its customers can now scan and initiate QR payments available at various m...	techsathi.com	२० घण्टा अघि	https://l.hamropatro.com/r/https://techsathi.com/machhapuchhre-bank-enables-nepalpay-qr	technology
नेपालको औसत डाउनलोड स्पिड ४० एमबीपीएस कट्यो, मोबाइलमा ४ स्थान सुधार 	काठमाडौं । नेपालको फिक्स्ड ब्रोडब्यान्ड इन्टरनेटको औसत डाउनलोड स्पिड ४० एमबीपीएस माथि पुगेको छ । ओकलाको स्पिड टेस्ट ग्लोबल इन्डेक्स रिपोर्टमा यस्तो प्रगति देखिएको हो । इन्डेक्स अनुसार नेपालको औसत ...	techpana.com	२१ घण्टा अघि	https://l.hamropatro.com/r/https://www.techpana.com/2022/124224/	technology
विराटनगरमा सोमबार स्टार्टअप फेस्ट तथा डिजिटल प्रदेश संवाद कार्यक्रम आयोजना हुँदै	लिभिङ विथ आइसिटी र आइसिटी फाउण्डेसन नेपालको सहकार्यमा वैशाख ५ गते प्रदेश न. १ मा स्टार्टअप एण्ड आईडिया फेस्ट र डिजिटल सम्वाद कार्यक्रमको आयोजना हुने भएको छ । प्रदेशको राजधानी तथा मूख्य शहर विराटनग...	ictsamachar.com	२१ घण्टा अघि	https://l.hamropatro.com/r/https://ictsamachar.com/news-details/10894/2022-04-15	technology
क्रिप्टोकरेन्सी डोनेशनलाई ब्लक गरिनुपर्छ भनेर विकिपिडया एडिटरहरुको भनाई 	विकिपिडिया एडिटरहरुले क्रिप्टोकरेन्सी डोनेसनलाई ब्लक गर्नुपर्छ भनेर भोट गरेका छन् । विकिमिडिया फाउण्डेशनको डोनेशन अप्सनबाट क्रिप्टोकरेन्सी डोनेशनलाई ब्लक गर्नुपर्छ भनेर विकिपिडिया एडिटरहरुको भनाइ छ...	ictsamachar.com	२१ घण्टा अघि	https://l.hamropatro.com/r/https://ictsamachar.com/news-details/10893/2022-04-15	technology
नेपालमा विद्युती सवारी : कहाँबाट कति हुन्छ आयात ?	काठमाडौँ । नेपालमा पछिल्लाे समय विद्युतीय सवारीसाधन धेरैको आकर्षणको विषय बनेको छ । पछिल्लो समय विद्युतको खपत पर्याप्त मात्रामा नहुँदा र आकासिदो इन्धनको मूल्यको उत्कृष्ट विकल्पको रुपका विद्युतीय सवा...	techpana.com	२१ घण्टा अघि	https://l.hamropatro.com/r/https://www.techpana.com/2022/124203/	technology
सामसङ इलेक्ट्रोनिक्सले जित्यो एकै पटक ७१ वटा अन्तर्राष्ट्रिय अवार्ड	सामसङ इलेक्ट्रोनिक्सले अन्तर्राष्ट्रिय डिजाइन अवार्डमा एकै पटक तीनवटा गोल्ड मेडल सहित ७१ वटा अवार्ड जितेको छ। जर्मन अन्तर्राष्ट्रिय डिजाइन कम्पिटिसन २०२२ मा सामसङ इलेक्ट्रोनिक्से टेलिभिजन, स्मार्ट ...	setopati.com	२१ घण्टा अघि	https://l.hamropatro.com/r/https://www.setopati.com/kinmel/information-technology/267725	technology
ट्वीटरको एल्गारिदम ओपन सोर्स हुनुपर्ने एलन मस्कको भनाई	एलन मस्कले ट्वीटरको अल्गारिदम ओपन सोर्स हुनुपर्ने बताएका छन् । ट्वीटर कानूनले नबाधिँकन बोल्न पाउने प्लेटफर्म हुनका लागि ट्वीटरको अल्गारिदम ओपन सोर्स हुनुपर्ने उनले बताएका हुन् । आफ्नो ट्वीटहरलाई ए...	ictsamachar.com	२१ घण्टा अघि	https://l.hamropatro.com/r/https://ictsamachar.com/news-details/10892/2022-04-15	technology
२५ सय रूपैयाँले घट्यो ह्वावे ब्यान्डको मूल्य	काठमाडौं । नेपाली बजारमा ह्वावेको ‘ब्यान्ड ६’ को मूल्य घटेको छ । नयाँ वर्ष २०७९ को अवसरमा वैशाख १ देखि कम्पनीले याे ब्यान्डको मूल्य घटाएको हो । नेपाली बजारमा यसअघि ९,४९० रुपैयाँमा उपलब्ध ह्वावे ब्...	techpana.com	२२ घण्टा अघि	https://l.hamropatro.com/r/https://www.techpana.com/2022/124201/	technology
विश्वमा सबैभन्दा धेरै डाउनलोड हुने एपको पहिलो नम्बरमा टिकटक 	काठमाडौं । टिकटक सन् २०२२ मा विश्वभर सबैभन्दा धेरै डाउनलोड हुने एप बनेको छ । २०२२ को सुरुवात भएयता मात्रै यो सामाजिक सञ्जाल एप १७ करोड ६० लाख पटक डाउनलोड भएको छ । एनालिटिक्स फर्म सेन्सर टावरले बिह...	techpana.com	२२ घण्टा अघि	https://l.hamropatro.com/r/https://www.techpana.com/2022/124197/	technology
Infinix Smart 6 launched in Nepal in budget- friendly price: specs and features	Infinix has recently launched a budget-friendly smartphone named Infinix Smart 6 specially targeted to students to attend online classes and gaming purposes. The Infinix Smart 6 has incorporated a ...	techsathi.com	२३ घण्टा अघि	https://l.hamropatro.com/r/https://techsathi.com/infinix-smart-6	technology
CAN Infotech 2022 starts from Baisakh 7: Entrance fee only Re. 1	After being postponed 2 times due to COVID-19, CAN infotech 2022 will finally be starting from Baisakh 7 till Baisakh 12. It became official when a special conference was held in Kathmandu and was ...	techsathi.com	२४ घण्टा अघि	https://l.hamropatro.com/r/https://techsathi.com/can-infotech-2022	technology
टोयोटाको पहिलो ‘अल-इलेक्ट्रिक’ कार सार्वजनिक, एक पटकको फूल चार्जमा ५४० किलोमिटर गुड्ने	काठमाडौं । जापानिज कम्पनी टोयोटाले आफ्नो पहिलो अल-इलेक्ट्रिक (पूर्ण विद्युतीय) गाडी सार्वजनिक गरेको छ । कम्पनीले एक पटकको फुल चार्जमा ५४० किलोमिटरसम्म गुड्नसक्ने विद्युतीय गाडी ‘बीजेडफोरएक्स’ (bZ4...	techpana.com	२४ घण्टा अघि	https://l.hamropatro.com/r/https://www.techpana.com/2022/124194/	technology
जुम्लामा २ दिनदेखि इन्टरनेट सेवा बन्द, काम प्रभावित	जुम्ला – जुम्लामा दुई दिनदेखि इन्टरनेट सेवा बन्द भएको छ । इन्टरनेट बन्द हुँदा सरकारी कामकाजदेखि अन्य काम प्रभावित भएको छ । मोबाइल डाटा पनि नचल्दा सेवाग्राही मर्कामा परेका छन् ।  नेपाल पत्रकार महास...	Ujyaaloonline.com	२४ घण्टा अघि	https://l.hamropatro.com/r/https://ujyaaloonline.com/story/67944/2022/4/15/No-internet-access-in-Jumla	technology
३५ करोडमा किनेको ज्याक डोर्सेको पहिलो ट्वीटको एनएफटी मूल्य ८ लाखमा झरेपछि	काठमाडौं । सन् २०२१ मा सिना एस्ताभी नामक एक क्रिप्टो लगानीकर्ताले सञ्चार माध्यममा राम्रो ठाउँ पाए । कारण थियो, उनले २९ लाख डलर (३५ करोड ६३ लाख रुपैयाँ) मा खरिद गरेको ट्वीटरका संस्थापक ज्याक डोर्सेक...	techpana.com	१ दिन अघि	https://l.hamropatro.com/r/https://www.techpana.com/2022/124188/	technology
सरकारले राष्ट्रिय आइसिटी अवार्ड वितरण गर्दै, यस्तो छ आवेदन दिने तरिका	सञ्चार तथा सूचना प्रविधि मन्त्रालयले राष्ट्रिय सूचना तथा सञ्चार प्रविधि दिवसको अवसरमा राष्ट्रिय सञ्चार तथा सूचना प्रविधि पुरस्कार वितरण गर्ने भएको छ ।  नेपालको सूचना तथा सञ्चार प्रविधि क्षेत्रमा य...	ictsamachar.com	१ दिन अघि	https://l.hamropatro.com/r/https://ictsamachar.com/news-details/10888/2022-04-15	technology
थाहा पाइराख्नुहोस्, ह्याक भएको युट्युव च्यानल फिर्ता ल्याउने तरिका	काठमाडौं । नेपालमा दिनानुदिन नाम चलेका युट्युव च्यानलहरू ह्याक हुने क्रम राेकिएकाे छैन । खासगरी धेरै सब्सक्राइबर हुने युट्युव च्यानल ह्याक भएका समाचारहरू बाहिर आएपनि दिनमा त्यस्ता कैयौं च्यानल ह्या...	techpana.com	१ दिन अघि	https://l.hamropatro.com/r/https://www.techpana.com/2022/124179/	technology
फेस्टको एकेडेमिक डाइरेक्टरमा ई.चद्रप्रकाश भट्ट नियुक्त	फ्युचर एजुकेशन अफ साइन्स एण्ड टेक्नोलोजी कम्पनीको एकेडेमिक डाइरेक्टरमा ई.चद्रप्रकाश भट्ट नियुक्त भएका छन् । फेस्ट कम्पनी विशेषत शैक्षिक क्षेत्रलाई प्रविधिमैत्री बनाउनुको लागि निरन्तर काम गरिरहेको ...	ictsamachar.com	१ दिन अघि	https://l.hamropatro.com/r/https://ictsamachar.com/news-details/10887/2022-04-15	technology
ट्वीटर किन्ने एलन मस्कको प्रस्तावमा विचार गर्ने कम्पनीको भनाइ	काठमाडौं । प्रतिकित्ता ५४.२० डलरमा ट्वीटरको सम्पूर्ण सेयर खरिद गर्नेबारे एलन मस्कले राखेको प्रस्तावमा कम्पनीले विचार गर्ने जनाएको छ । मस्कले ४३ अर्ब डलर नगदमा पुरै कम्पनी किन्न गरेकाे प्रस्ताव प्र...	techpana.com	१ दिन अघि	https://l.hamropatro.com/r/https://www.techpana.com/2022/124171/	technology
Black Shark 5 Pro, Xiaomi’s flagship gaming phone, is coming to Nepal. What can you expect on the device?	Black Shark 5 Pro is the flagship gaming smartphone from the Chinese smartphone manufacturing company, Xiaomi. The company has made the phone available for pre-order in China. You can expect this p...	english.onlinekhabar.com	१ दिन अघि	https://l.hamropatro.com/r/https://english.onlinekhabar.com/black-shark-5-pro-xiaomi-nepal.html	technology
What is Musk really doing as he guns for Twitter?	Mercurial billionaire Elon Musk now says he wants to buy Twitter outright, taking it private to restore its commitment to what he terms “free speech.” But his offer, which seemed to fall flat with ...	en.setopati.com	१ दिन अघि	https://l.hamropatro.com/r/https://en.setopati.com/social/158299	technology
हुम्लामा टेलिकमको सेवा प्रभावित	हुम्ला – नेपाल टेलिकमको सेवा अवरुद्ध हुँदा हुम्लामा सञ्चार सेवा प्रभावित भएको छ। बिहीबार बिहानदेखि टेलिकमको टेलिफोन तथा इन्टरनेट सेवा बन्द हुँदा जिल्लामा सञ्चार सेवा अधिकांश रुपमा प्रभावित भएको हो।...	deshsanchar.com	१ दिन अघि	https://l.hamropatro.com/r/https://deshsanchar.com/2022/04/15/636135/	technology
५ विधामा राष्ट्रिय आईसीटी वितरण गर्दै सरकार, यसरी दिनुहोस् आवेदन	काठमाडाैं । नेपालमा सूचना तथा सञ्चार प्रविधिको विकास तथा प्रवर्द्धनमा योगदान पुर्‍याउनेहरु मध्येबाट सञ्चार तथा सूचना प्रविधि मन्त्रालयले उत्कृष्टलाई सम्मानित गर्ने भएकाे छ । सरकारले हरेक वर्ष मे २...	techpana.com	१ दिन अघि	https://l.hamropatro.com/r/https://www.techpana.com/2022/124168/	technology
Left behind in the AI race	Urgent priorities in developing countries override significant investment in digital transformation. Artificial Intelligence (AI) is much more than just a buzzword nowadays. It powers facial recog...	kathmandupost.com	१ दिन अघि	https://l.hamropatro.com/r/https://kathmandupost.com/columns/2022/04/14/left-behind-in-the-ai-race	technology
सीसीटीभी जोड्दै हुनुहुन्छ ? यस्तो छ सरकारी नियम	काठमाडौं । अपराध नियन्त्रण तथा शान्ति सुरक्षाका लागि विभिन्न सुरक्षा प्रविधि तथा विद्युतीय उपकरणहरु प्रयोगमा आइरहेका छन् । अहिलेको समयमा सार्वजनिक स्थान, राजमार्ग, सार्वजनिक निकाय, व्यापारिक तथा व...	techpana.com	२ दिन अघि	https://l.hamropatro.com/r/https://www.techpana.com/2022/124164/	technology
मोबाइलबाटै यसरी खिच्नुहोस् स्तरीय भिडिओ	काठमाडाैं । घुम्न जाँदा होस् या केही नयाँ र नौलो कुरा देख्दा हामी प्रायः भिडिओ खिचिरहेका हुन्छौ । तर धेरैलाई कसरी राम्रो भिडिओ खिच्ने भन्ने कुराकाे पर्याप्त जानकारी हुँदैन ।  आफ्नो हातमा रहेको मोब...	techpana.com	२ दिन अघि	https://l.hamropatro.com/r/https://www.techpana.com/2022/124154/	technology
अफिलिएट मार्केटिङ, अर्थात् अनलाइनबाट कमाउने स्मार्ट तरिका	काठमाडौं । अहिलेको समयमा प्रविधिसँगै आम्दानीका तरिकाहरु पनि बढिरहेका छन् । इन्टरनेटको सहयोगमा कुनै पनि व्यक्तिले घर बसेरै पैसा कमाउन सक्छन् । कतिपय मानिसहरु शपिङका लागि घरबाट बाहिर निस्किदैनन् । क...	techpana.com	२ दिन अघि	https://l.hamropatro.com/r/https://www.techpana.com/2022/124151/	technology
नेपाल-चीन प्रत्यक्ष उडान ठप्प: मारमा पर्यटन व्यवसायीदेखि चिनियाँ नागरिक	नेपालले नियमित यात्रुवाहक उडान खोल्न बारम्बार अनुरोध गरे पनि चीनले इच्छा नदेखाउँदा दुई देश बीचको यात्रा महँगो बनेको अधिकारीहरूले बताएका छन्। नेपालबाट चीन प्रत्यक्ष उडान नहुँदा यात्रा लामो र महँगो ...	bbc.com	२५ मिनेट अघि	https://l.hamropatro.com/r/https://www.bbc.com/nepali/news-61118612?xtor=AL-73-[partner]-[hamro.patro]-[headline]-[nepali]-[bizdev]-[isapi]	economics
सुपारी आयात– औद्योगिक प्रयोजनलाई ल्याउने अनुमति दिँदै समिति	संघीय संसद अन्तर्गतको उद्योग तथा वाणिज्य र श्रम तथा उपभोक्ता हित समितिले आवश्यकताअनुसार सुपारी आयात खोल्न अनुमति दिने भएको छ । समितिले स्वदेशी उद्योगको उत्पादन क्षमताअनुसार कच्चा पदार्थका रूपमा सुप...	ratopati.com	३८ मिनेट अघि	https://l.hamropatro.com/r/https://ratopati.com/story/232848/2022/4/16/supari	economics
विश्वमा नेपाली खानाको अन्वेषण गर्न युवा सेफ प्रतियोगिता	काठमाडौं । अन्तर्राष्ट्रियस्तरमा नेपाली खानाको अन्वेषणका लागि युवा सेफ प्रतियोगिता हुने भएको छ । सेफ्स एशोसिएशन अफ नेपालले ग्लोबल नेप्लिज् सेफ्स फेडेरेशन र इन्टरनेशनल नेपाली सेफ्स सोसाइटीसँगको सहका...	baahrakhari.com	४४ मिनेट अघि	https://l.hamropatro.com/r/https://baahrakhari.com/news-details/347035	economics
पूर्व सचिवहरूले उद्योगमन्त्रीलाई भने– अहिलेको चुनौती एक्लैको प्रयासले समाधान हुँदैन	उद्योग, वाणिज्य तथा आपूर्ति मन्त्री दिलेन्द्रप्रसाद बडूले उद्योग वाणिज्य क्षेत्रका पूर्व सचिवहरूसँग छलफल गरेका छन् । उद्योग/व्यवसायमा मन्त्रालयले खेल्नुपर्ने भूमिका र निर्वाह गर्नुपर्ने दायित्वका व...	ratopati.com	४८ मिनेट अघि	https://l.hamropatro.com/r/https://ratopati.com/story/232845/2022/4/16/dilendra-badu	economics
गत वर्षका २०७८ सालमा ११ ओटा कम्पनीको ३ करोड २० लाख कित्ता आईपीओ सार्वजनिक निष्कासनमा 	वैशाख ३, काठमाडौं । विसं २०७८ सालमा ११ ओटा कम्पनीले कुल ३ करोड २० लाख ७८ हजार ५४० कित्ता आईपीओ सार्वजनिक निष्कासनमा आएको छ । छ ओटा हाइड्रोपावर कम्पनी,चार  ओटा लघुवित्त कम्पनी र एउटा लगानी समूहका क...	abhiyandaily.com	५८ मिनेट अघि	https://l.hamropatro.com/r/https://abhiyandaily.com/newscategory-detail/406410	economics
कस्तो होला इलन मस्कले ट्वीटरमा ल्याउन खोजेको ‘परिवर्तन’?	अघिल्लो हप्ता इलन मस्कको ‘उपद्रो शैली’ फेरि देखियो। उनले श्रृंखलाबद्ध रुपमा ट्वीट गर्दै ट्वीटरलाई कसरी सुधार गर्न सकिन्छ भन्नेबारे सुवाझहरु दिएका थिए। उनी ट्वीटरको सबैभन्दा ठूला सेयरधनी भएको सार्व...	pahilopost.com	१ घण्टा अघि	https://l.hamropatro.com/r/https://pahilopost.com/content/20220416123251.html	economics
हाम्रो पात्रो रेमिटबाट अब प्रतिव्यक्ति १ लाख डलरसम्म पठाउन सकिने	नेपालको सर्वाधिक डाउनलोड गरिएको र एक मात्र लोकप्रिय एप हाम्रो पात्रोले रेमिट्यान्स सेवा सुरु गरेको ७ महिना पुरा भएको छ। असोज ८ गतेदेखि सुरु भएको यो सेवामार्फत अहिलेका लागि अमेरिकामा रहेका नेपाली ना...	kendrabindu.com	१ घण्टा अघि	https://l.hamropatro.com/r/https://kendrabindu.com/economy/88986-1650013952.html	economics
सडक व्यवस्थित नहुँदा फोहोर मैला व्यवस्थापन कठिन : काठमाडौं महानगर	काठमाडौं महानगरपालिकाले फोहोर व्यवस्थापनमा चुनौती थपिँदै गएको बताएको छ। काठमाडौं उपत्यकाभित्र दैनिक उत्सर्जन हुने फोहोर मैलाको अन्तिम विसर्जनस्थलसम्म फोहोर ढुवानी गर्ने सडकको निर्माण कार्य पुरा नभए...	kendrabindu.com	१ घण्टा अघि	https://l.hamropatro.com/r/https://kendrabindu.com/social-affairs/89007-1650033142.html	economics
चाररातेमा चौँरी महोत्सव (फोटोफिचर)	फिदिम : पाँचथरको फालेलुङ  गाँउपालिका ४ चाररातेमा ‘पाँचौ फालेलुङ चौँरी पर्यटन महोत्सव’को आयोजना गरिएको छ। नयाँ वर्षको अवसर पारेर बिहीबार उद्घाटन गरिएको महोत्सव बैशाख चार गतेसम्म सञ्चालन हुनेछ।  महो...	annapurnapost.com	१ घण्टा अघि	https://l.hamropatro.com/r/https://annapurnapost.com/news/200928	economics
होटेल–पर्यटन समूहका कम्पनीहरुमा कुन सबैभन्दा अब्बल ? स्मार्ट वेल्थ प्रो मा हेरौं	नेपाली पैसा    काठमाडौं : नेप्से वाच न्यूज लेटर को नयाँ अंक सार्वजनिक भएको छ । स्मार्ट वेल्थ प्रो को प्रडक्ट नेप्से वाच न्यूज लेटरमा विशेषगरी स्टक मार्केटका विविध पक्षबाट अध्ययन गरिन्छ । सेयर ब...	nepalipaisa.com	२ घण्टा अघि	http://l.hamropatro.com/r/http://www.nepalipaisa.com/NewsDetail.aspx/id/47365	economics
बजेटबन्डा	७३ प्रतिशत विकास बजेट अझै खर्च भएको छैन। तर, विभिन्न मन्त्रालयहरू रकमानान्तरको माग गर्दै अर्थ मन्त्रालयमा निवेदन पठाएका पठायै छन्। कारण, आर्थिक वर्षको अन्तिममा कार्यकर्ता पोस्नका लागि। अर्थात्, टुक...	annapurnapost.com	२ घण्टा अघि	https://l.hamropatro.com/r/https://annapurnapost.com/news/200908	economics
माच्छापुच्छ्रे बैंकमा जोडियो 'नेपाल पे', भुक्तानीमा झन् सहज	काठमाडौँ - माछापुच्छ्रे बैंक लिमिटेडले आफ्नो मोबाइल बैंकिङ एपमा नेपाल पे क्यूआर इन्टिग्रेटेड गरेको छ । बैंकले आफ्ना ग्राहकलाई नेपाल पे क्यूआर स्क्यान गर्न तथा त्यसमार्फत अनलाइन भुक्तानी गर्न सक्ने ...	ekagaj.com	२ घण्टा अघि	https://l.hamropatro.com/r/https://ekagaj.com/article//article/corporate/95509/	economics
निर्दयी म हुँ वा मेरो जागिर?	जब हरेक साल, बसन्तको आगमनले नयाँ वर्ष लिएर आउँछ! अनि, म पल्टाउने गर्छु तिनै छापिएका नयाँ भित्ते पात्रहरू! र हेर्ने गर्छु तिनै बाह्र महिना भित्रका दिन र बारहरू!! फगत, म यो सूची हेरिरहेको छैन, ...	setopati.com	२ घण्टा अघि	https://l.hamropatro.com/r/https://www.setopati.com/literature/267781	economics
कार्यकाल सकिने बेला इजलास	सल्यान — स्थानीय तहका जनप्रतिनिधिको ५ वर्षीय कार्यकाल सकिने बेला यहाँका पाकिलाहरूमा बल्ल न्यायिक इजलास बनेका छन् । सिद्धकुमाख गाउँपालिकामा एक साताअघि मात्र इजलास बनेको छ । अन्य ९ स्थानीय तहले भने इ...	ekantipur.com	२ घण्टा अघि	https://l.hamropatro.com/r/https://ekantipur.com/pradesh-6/2022/04/16/165007771319211470.html	economics
मधेस प्रदेश : मूल आधार कृषि	समग्र देशको २४ प्रतिशत भूमि कृषियोग्य छ । मधेस त्यस्तो प्रदेश हो, जहाँको करिब ६९ प्रतिशत भूमि कृषियोग्य छ । सिंगो देशलाई हेर्दा ६३ प्रतिशत कृषि भूमिमा चिस्यान वा ओसिलोपन छ । यहाँ पनि मधेस निकै अगाड...	nayapatrikadaily.com	२ घण्टा अघि	https://l.hamropatro.com/r/https://nayapatrikadaily.com/feed-detail.php?nid=84531	economics
हेटौडा, भैरहवा, नवलपुर र बुटवलमा पनि अब सीजी नेट	काठमाडौं उपत्यका बाहिर पनि सीजी नेट विस्तार भएको छ । उपत्यका बाहिर हेटौंडा, भैरहवा, नवलपुर र बुटवलमा सीजी नेट विस्तार भएको हो ।  सीजी नेटले गत जेठ १८ गते काठमाडौंबाट इन्टरनेट सेवा दिन शुरू गरेको थ...	ictsamachar.com	३ घण्टा अघि	https://l.hamropatro.com/r/https://ictsamachar.com/news-details/10896/2022-04-16	economics
वडघर र भलमन्साका लागि ५ लाखको अक्षय कोष	कञ्चनपुरको कृष्णपुर नगरपालिकाले थारु समुदायको अगुवाइ गर्ने वडघर र भलमन्साको नगरस्तरीय समितिका लागि ५ लाख रुपैयाँको अक्षय कोष स्थापना गरेको छ ।   वडघर भलमन्सा समितिलाई संस्थागत रूपमा कार्य अगाडि ब...	lokaantar.com	३ घण्टा अघि	https://l.hamropatro.com/r/https://lokaantar.com/story/179286/2022/4/16/current-affairs/krishnapur	economics
अन्तर्राष्ट्रिय विमानस्थल २४ सै घण्टा सञ्चालन हुने	आगामी जेठ १५ देखि त्रिभुवन अन्तर्राष्ट्रिय विमानस्थल २४ सै घण्टा सञ्चालन हुने भएकाे छ । नेपाल नागरिक उड्डयन प्राधिकरणले बढ्दाे उडान चापलाई मध्यनजर गर्दै   २४ सै घण्टा सञ्चालन गर्ने तयारी गरेको हो ...	farakdhar.com	३ घण्टा अघि	https://l.hamropatro.com/r/https://farakdhar.com/story/81343	economics
विन्ध्यवासिनी हाइड्रोपावर डेभलपमेन्ट कम्पनीको  आइपीओ आयोजना प्रभावित जिल्लाका लागि खुल्ला हुुँदै	विन्ध्यवासिनी हाइड्रोपावर डेभलपमेन्ट कम्पनीको  आइपीओ आयोजना प्रभावित जिल्लाका लागि खुल्ला हुने भएको छ । कूल दश लाख कित्ता  बराबरको सेयर  प्रतिसेयर एक सय अंकितको दरले आयोजना प्रभावित जिल्ला स्थानीय ...	arthasansar.com	३ घण्टा अघि	https://l.hamropatro.com/r/https://arthasansar.com/news/38980	economics
बन्दीपुर सडक खाना महोत्सवमा ५० हजार पर्यटक	तनहुँको पर्यटकीय नगरी बन्दीपुरमा सञ्चालित सडक खाना महोत्सवमा करीब ५० हजार पर्यटकले अवलोकन गरेका छन् । नयाँ वर्षका अवसरमा ३ दिनसम्म सञ्चालन भएको महोत्सवका ५० हजार पर्यटक बन्दीपुर पुगेका हुन् ।  चै...	lokaantar.com	३ घण्टा अघि	https://l.hamropatro.com/r/https://lokaantar.com/story/179285/2022/4/16/current-affairs/bandipur	economics
फड्को मार्दै उद्योग क्षेत्र	सरकारी लक्ष्य र योजनाअनुसार काम हुन सके आगामी पाँच वर्षभित्र नेपालमा तीन सय ५१ भन्दा बढी औद्योगिक ग्राम, १५ औद्योगिक क्षेत्र र पाँच विशेष आर्थिक क्षेत्र स्थापना भई सञ्चालनमा आउनेछन् । यी औद्योगिक प...	nayapatrikadaily.com	३ घण्टा अघि	https://l.hamropatro.com/r/https://nayapatrikadaily.com/feed-detail.php?nid=84528	economics
काठमाडौं उपत्यका : सुरुङमार्गदेखि रेलसम्म	संघीय राजधानी काठमाडौं अझै पनि धेरै नेपालीको सपनाको सहर हो । देश संघीयतमा गएसँगै हाल काठमाडौंमा ११, ललितपुरमा ६ र भक्तपुरमा चार गरी २१ स्थानीय तह छन् । राजधानी काठमाडौंमा शिक्षा, स्वास्थ्य, रोजगारी...	nayapatrikadaily.com	४ घण्टा अघि	https://l.hamropatro.com/r/https://nayapatrikadaily.com/feed-detail.php?nid=84526	economics
आज शनिबारको विनिमयदर : अमेरिकी डलरसँगै कतिमा हुँदैछ विदेशी मुद्राको कारोबार ?	काठमाडौं -आज शनिबार नेपाल राष्ट्र बैंकले विनिमयदर सार्वजनिक गरेको छ ।  सार्वजनिक विनिमयदर अनुसार आज एक अमेरिकी डलरको खरिददर १२२ रुपैयाँ ५९ पैसा तय गरेको छ भने बिक्रीदर १२२ रुपैयाँ १९ पैसा तय गरेको...	ajakoartha.com	४ घण्टा अघि	http://l.hamropatro.com/r/http://ajakoartha.com/story/70773	economics
योग शिविरमा सहभागी सर्वसाधारण	काठमाडौं - पतञ्जली योग समिति तनहुँको आयोजना र व्यास नगरपालिकाको सहयोगमा शनिबारदेखि व्यास नगरपालिका–३ खुल्लामैदानमा सुरु योग शिविरमा सहभागी सर्वसाधारण । शिविर वैशाख ७ गतेसम्म सञ्चालन हुनेछ । तस्वीर ...	ajakoartha.com	४ घण्टा अघि	http://l.hamropatro.com/r/http://ajakoartha.com/story/70772	economics
निजीकरण	२०४९ सालमा राष्ट्रिय उद्योग कलकारखानाहरू धमाधम निजीकरण गरिए। पञ्चायती निरंकुश शासन ढालेर मुलुकमा बहुदल आएको छोटै अवधिमा ‘उदारीकरण र खुला अर्थतन्त्रलाई’ आत्मसाथ गर्नुपर्ने भन्दै राष्ट्रिय उद्योगहरू ...	annapurnapost.com	४ घण्टा अघि	https://l.hamropatro.com/r/https://annapurnapost.com/news/200916	economics
अन्तर्राष्ट्रिय विमानस्थल २४ घण्टै संचालन हुने, आन्तरिक १८ घण्टा	काठमाडौं । अन्तर्राष्ट्रिय विमानस्थल आगामी जेठ १५ गतेदेखि २४सै घण्टा सञ्चालनमा आउने भएका छन् । बढ्दो हवाई उडान चाप व्यवस्थापनका लागि नियामक नेपाल नागरिक उड्डययन प्राधिकरणले अन्तर्राष्ट्रिय विमानस्थ...	news24nepal.tv	४ घण्टा अघि	https://l.hamropatro.com/r/https://www.news24nepal.tv/2022/04/16/870253	economics
१४ ओटा इन्टरनेट सेवा प्रदायकले तिरे १ करोड ४० लाख पोल भाडा 	वैशाख २, चितवन  । विजुलीको पोल भाडा बापत भरतपुरका १४ ओटा इन्टरनेट तथा केबुल सेवा प्रदायक संस्थाले भाडा तिरेका छन् । नेपाल विद्युत् प्राधिकरण भरतपुर वितरण केन्द्रका अनुसार हालसम्म १४ ओटा सेवा प्रदा...	abhiyandaily.com	४ घण्टा अघि	https://l.hamropatro.com/r/https://abhiyandaily.com/newscategory-detail/406407	economics
निजामती सेवामा अब्बल नेतृत्वकला देखाउँदै महिला हाकिम सा’प	कुनै बेला निजामती क्षेत्रमा महिला कर्मचारी पाउन मुस्किल पर्थ्यो । निजामतीमा पुरूषकै बाहुल्यता थियो । निजामतीको खरिदार तहमा पनि पुरूष नै हुन्थे । समावेशिता र लक्ष्यका साथ अध्ययनमा लागेपछि अहिले आएर...	lokaantar.com	४ घण्टा अघि	https://l.hamropatro.com/r/https://lokaantar.com/story/179281/2022/4/16/feature/woman	economics
कफीबाट भित्र्याउन सकिन्छ वार्षिक ३६ खर्ब	नेपालको एक आर्थिक वर्षको बजेटको आकार १७ खर्बको मात्रै छ। यस हिसाबले दुई आर्थिक वर्षको बजेट बराबर कफी एक वर्षमा उत्पादन गर्न सकिन्छ। निर्यातभन्दा आयात बढी भएपछि नेपाल व्यापार घाटामा छ। आयातमुखी अर्...	himalkhabar.com	४ घण्टा अघि	https://l.hamropatro.com/r/https://www.himalkhabar.com/news/129294	economics
कुहिने र नकुहिने फोहोर छुट्टाछुट्टै नराखे अब काठमाडौं महानगरले कारबाही गर्ने	काठमाडौं महानगरपालिकाले कुहिने र नकुहिने फोहोरको सङ्कलन तथा व्यवस्थापन छुट्टाछुट्टै गर्ने भएको छ। त्यसका लागि महानगरले फोहोर उत्सर्जनकर्तालाई कुहिने र नकुहिने फोहोरलाई छुट्टाछुट्टै वर्गीकरण गर्न आग...	nepalkhabar.com	४ घण्टा अघि	https://l.hamropatro.com/r/https://nepalkhabar.com/newspaper/127004-2022-4-16-8-27-5	economics
निमित्त हाकिमकै भरमा बित्यो पाँच वर्ष	काठमाडौँ — संघीयताको मर्मलाई आत्मसात् गर्दै सिंहदरबारको अधिकार गाउँ–गाउँ पुर्‍याउने घोषणासहित पाँच वर्षअघि निर्वाचित जनप्रतिनिधिको कार्यकाल सकिन एक महिना बाँकी छ । बितेका पाँच वर्षमा संघीय सरकारले ...	ekantipur.com	५ घण्टा अघि	https://l.hamropatro.com/r/https://ekantipur.com/news/2022/04/16/16500737892092405.html	economics
रासायनिक मल अभावले झापाको केराखेती संकटमा	झापामा केराखेती गर्दै आएका किसानले रासायनिक मल अभावका कारण संकट आएको बताएका छन् । यसबाट केराको उत्पादन घट्नाका साथै खेती खुम्चिन थालेको छ ।  विगतमा ५० बिघा जमिनमा केराको खेती गरेका कनकाई नगरपालिका...	lokaantar.com	५ घण्टा अघि	https://l.hamropatro.com/r/https://lokaantar.com/story/179280/2022/4/16/current-affairs/banana	economics
सिद्धिचरणको ‘नेपाल’ : केही लिखित, केही अलिखित	इन्द्रेणीको टप्प टिपेर शाखा ओढी पछयौरी वन, भीर–पाखा सुवासको पाउ गमक्क चाली नाच्छन कि झैं सिर्जन नै उचाली मर्दा कुनै आखिरको सलामी जाने मिली गाउँघरै मलामी यो देश नै एक गुठी समान सम्पूर्ण हामी ...	ekantipur.com	५ घण्टा अघि	https://l.hamropatro.com/r/https://ekantipur.com/koseli/2022/04/16/16500747517977093.html	economics
दूधकोसी जलविद्युत् आयोजनाको मुआब्जामा ढिलाइ	खोटाङ — राष्ट्रिय गौरवका आयोजनामा पर्ने दूधकोसी जलविद्युत् आयोजनाका प्रभावितले अधिग्रहणका लागि जग्गा रोक्का गरिए पनि मुआब्जामा ढिलाइ भएको गुनासो गरेका छन् । खोटाङको रावाबेसी गाउँपालिका–३ लामीडाँडा...	ekantipur.com	५ घण्टा अघि	https://l.hamropatro.com/r/https://ekantipur.com/pradesh-1/2022/04/16/165007515651254360.html	economics
श्रीलंकामा पेट्रोल तथा डिजेल बिक्रीमा सीमा निर्धारण	आर्थिक संकटबाट गुज्रिरहेको श्रीलंकाले सवारी चालकहरूको लागि इन्धन आपूर्ति सीमित गरेको छ ।  सरकारको स्वामित्वमा रहेको सिलोन पेट्रोलियम कर्पोरेसन (सिपिसी)ले दुई पांग्रे सवारी साधन भएका व्यक्तिहरूलाई ...	farakdhar.com	५ घण्टा अघि	https://l.hamropatro.com/r/https://farakdhar.com/story/81338	economics
नेपालमा हायरको कुलेस्ट अफर, ग्राहकहरूलाई १५ प्रतिशतसम्मको नगद छुट 	काठमाडौँ / हायर इलेक्ट्रोनिकको अधिकृत बिक्रेता नियोटेरिक नेपाल प्रा.लि.ले आफ्ना ग्राहकहरूका लागि नयाँ वर्षको अवसरमा कुलेस्ट अफर सार्वजनिक गरेको छ ।  कम्पनीले रेफ्रिजेरेटर खरिद गर्ने सोचमा बसेका आफ...	arthadabali.com	५ घण्टा अघि	https://l.hamropatro.com/r/https://arthadabali.com/2022/04/16/24037	economics
घलेगाउँ बन्यो ‘सुखी गाउँ’	लमजुङ — दुई दशकअघिसम्म विकासका पूर्वाधार नपुगेको घलेगाउँमा यतिबेला भने आधारभूत शिक्षा, स्वास्थ्य, खानेपानी, सञ्चार, विद्युत् र सडक पुगेको छ । पर्यटक बोलाउने, घरमै खाना खुवाउने, संस्कृति देखाउने, हि...	ekantipur.com	५ घण्टा अघि	https://l.hamropatro.com/r/https://ekantipur.com/pradesh-4/2022/04/16/16500766020547146.html	economics
मध्यपहाडी क्षेत्रका १७ युवालाई कृषि यन्त्र उपकरण मर्मत सम्बन्धी तालिम	काठमाण्डाै - मध्यपहाडी क्षेत्रमा कृषि यन्त्र उपकरणको प्रयोग बढ्न थालेको छ । यन्त्र उपकरणको प्रयोग बढ्न थालेसँगै उपकरण बिग्रने र मर्मत सम्भार गर्ने प्राविधिक नहुँदा समस्या पर्न थालेपछि नेपाल कृषि अ...	Ujyaaloonline.com	५ घण्टा अघि	https://l.hamropatro.com/r/https://ujyaaloonline.com/story/67978/2022/4/16/training-on-maintenance-of-agricultural-machinery	economics
युक्रेनको किभ र लभिभमा शनिबार बिहानैबाट विष्फोट	युक्रेनको किभ क्षेत्र र लभिभमा शनिबार बिहानै विष्फोट भएका छन्। किभका मेयर भिताली क्लिट्स्चेकोले एक विज्ञप्ति जारी गर्दै शनिबार बिहान किमाथि आक्रमण भएको जानकारी दिएका हुन्। उनका अनुसार राजधानी सहर...	nepalkhabar.com	३ मिनेट अघि	https://l.hamropatro.com/r/https://nepalkhabar.com/global/127020-2022-4-16-12-50-49	international
युक्रेन युद्ध ४२ औं दिनमाः ४२ लाखभन्दा बढी नै विस्थापित, के छ अहिलेको अवस्था	रसिया र युक्रेनबिचको युद्ध भएको आज ४२ दिन पुगेको छ। रसियाले दुई युक्रेनी विद्रोही क्षेत्रलाई ‘स्वतन्त्र राज्य’ घोषणा गरेसँगै सुरु भएको युद्ध अहिले पनि जारी छ। युक्रेनले रसियाली सेनाले बुचा शहरमा ‘न...	merolifestyle.com	१५ मिनेट अघि	https://l.hamropatro.com/r/https://www.merolifestyle.com/archives/40618	international
अनौठो भिडियोः यस्तो कसरी ?	चीनको एक सबवे ट्रेनमा एक रुसी महिला आफ्नो कपाललाई ह्यान्डरेलमा राखेर झुण्डिएको अद्भुत भिडियो सार्वजनिक भएको छ ।  ती महिलाको कपाल निकै बलियो हुनुपर्छ । कपाललाई त्यसरी अड्याएर झुण्डिँदा पनि उनको अनु...	lokaantar.com	१९ मिनेट अघि	https://l.hamropatro.com/r/https://lokaantar.com/story/179296/2022/4/16/current-affairs/rare-	international
रूसले युक्रेनलाई हतियार नदिन अमेरिका र उसका सहयोगीलाई ‘आधिकारिक’ चेतावनी दियो	काठमाडौं । रुसले अब युक्रेनलाई हतियार आपूर्ति नगर्न अमेरिका र उसका सहयोगीहरूलाई आधिकारिक रूपमा चेतावनी दिएको छ। धेरै अमेरिकी मिडिया समूहहरूले अध्ययन गरेको आधिकारिक कूटनीतिक नोटमा मस्कोले यो चेतावनी...	dcnepal.com	२३ मिनेट अघि	https://l.hamropatro.com/r/https://www.dcnepal.com/2022/04/349914/	international
बाइडेनद्धारा युक्रेनलाई ८०० मिलियन अमेरिकी डलरको सैन्य सहायता घोषणा, अनपेक्षित परिणाम भोग्नुपर्ने रुसकोे चेतावनी	एजेन्सी - जो बाइडेन प्रशासनले युक्रेनलाई थप ८०० मिलियन अमेरिकी डलर बराबरको सैन्य सहायता घोषणा गरेको केही दिन पछि रुसले युक्रेनलाई हतियार हस्तान्तरण गर्न जारी राखेमा संयुक्त राज्य अमेरिकालाई 'अनपेक्...	ajakoartha.com	२४ मिनेट अघि	http://l.hamropatro.com/r/http://ajakoartha.com/story/70782	international
स्वास्थ्य तथा जनसंख्या वैज्ञानिकहरुको निस्कर्ष : ‘अनुसन्धनात्मक उत्पादनलाई जनतामाझ पुर्‍याउनुपर्छ’ 	काठमाडौं । स्वास्थ्य तथा जनसंख्या वैज्ञानिकहरुको आठौं शिखर सम्मेलनले स्वास्थ्य सम्बन्धी अनुसन्धनात्मक उत्पादनलाई जनतामाझ पुर्‍याउनु पर्नेमा जोड दिएको छ । गत चैत्र २८ र २९ गते काठमाडौंमा बसेको सम्...	lokpath.com	४७ मिनेट अघि	https://l.hamropatro.com/r/https://www.lokpath.com/story/519342	international
भ्रामक समाचार सम्प्रेषण नगर्न पत्रकारलाई आग्रह	बुटवल : भ्रामक समाचार सम्प्रेषण नगर्न सरोकारवालाले पत्रकारहरुलाई आग्रह गरेका छन्। कुनै पनि व्यक्ति विशेष र दलको प्रभावमा भ्रामक सम्प्रेषण नगर्न सञ्चारमाध्यम र पत्रकारलाई उनीहरुले आग्रह गरेका हुन्।	ukeraa.com	४७ मिनेट अघि	https://l.hamropatro.com/r/https://www.ukeraa.com/news/2022/04/16/17482	international
सिफारिस २० जना राजदूतहरुको सुनुवाई प्रक्रिया सुरु	मन्त्रीपरिषद्ले सिफारिस गरेका २० जना विभिन्न देशका राजदूतहरुको संसदीय सुनुवाई प्रक्रिया सुरु भएको छ ।  संसदीय सुुनुवाई समितिको शुक्रबार सिंहदरवारमा बसेको बैठकले मन्त्रीपरिषदले सिफारिस गरेका विभिन्...	kendrabindu.com	१ घण्टा अघि	https://l.hamropatro.com/r/https://kendrabindu.com/politics/88992-1650018010.html	international
अमेरिकाले अनपेक्षित परिणाम भोग्नुपर्ने रुसको चेतावनी	काठमाडौँ-  युक्रेनलाई सैनिक सहायता गरेकोमा रुसले अमेरिकालाई ‘अनपेक्षित परिणाम भोग्नुपर्ने’ चेतावनी दिएको छ ।	khabarhub.com	१ घण्टा अघि	https://l.hamropatro.com/r/https://www.khabarhub.com/2022/16/374012/	international
चीनको अर्को सफल अन्तरिक्ष याात्रा : ३ अन्तरिक्ष यात्री ६ महिनापछि पृथ्वीमा अवतरण	एजेन्सी । चीनको नयाँ अन्तरिक्ष स्टेशनमा छ महिनापछि शनिबार तीन अन्तरिक्ष यात्रीे पृथ्वीमा अवतरण गरेका छन् । यो अन्तरिक्ष यात्रीको अहिलेसम्मकै सबैभन्दा लामो मिशनमा सफलता हो । अन्तरिक्ष यात्रीको पृथ्व...	news24nepal.tv	१ घण्टा अघि	https://l.hamropatro.com/r/https://www.news24nepal.tv/2022/04/16/870281	international
गजल	लीलाराज दाहाल शिखरहरू धस्सिएर खाडल मात्रै रहनेछन्  संसारभरि खरी झर्‍या मादल मात्रै रहनेछन् ! कसरी पो लड्छौ युद्ध अर्धचेतन जंगलमा  यस्तो बेला तिम्रा गजल, गजल मात्रै रहनेछन् ! लैजान्छ खुसुक्क अर...	baahrakhari.com	२ घण्टा अघि	https://l.hamropatro.com/r/https://baahrakhari.com/news-details/347031	international
युक्रेनी राष्ट्रपति जेलेन्स्कीको चेतावनी : रुसले परमाणु आक्रमण गर्न सक्छ	काठमाडौँ — युक्रेनका राष्ट्रपति भोलोदिमिर जेलेन्स्कीले विश्वका सबै देश सम्भावित रुसी परमाणु आक्रमणको सामना गर्न तयार हुनुपर्ने बताएका छन् । युक्रेनी राष्ट्रपति जेलेन्स्कीले रुसी राष्ट्रपति भ्लादिमि...	ekantipur.com	२ घण्टा अघि	https://l.hamropatro.com/r/https://ekantipur.com/world/2022/04/16/165008849640369913.html	international
